product_code,product_name,variant_label,category,price_eur,description,available,sold_out,product_url
EFG,Enterprise Fortress Gateway,,Cloud Gateways,2000.00,"25G Cloud Gateway with 500+ UniFi device / 5,000+ client support, 12.5 Gbps IPS routing, and complete high availability.",Non,Oui,https://eu.store.ui.com/eu/en/category/cloud-gateways-enterprise-scale/products/efg
UDM-Beast,Dream Machine Beast,,Cloud Gateways,1428.00,"Hyperscale-class Cloud Gateway delivering 25 Gbps IPS/IDS, 7,500+ client capacity, and the full UniFi application platform in one system.",Oui,Non,https://eu.store.ui.com/eu/en/category/cloud-gateways-large-scale/products/udm-beast
UDM-Pro-Max,Dream Machine Pro Max,,Cloud Gateways,570.00,"10G Cloud Gateway with 200+ UniFi device / 2,000+ client support, 5 Gbps IPS routing, and redundant NVR storage.",Oui,Non,https://eu.store.ui.com/eu/en/category/cloud-gateways-large-scale/products/udm-pro-max
UDM-Pro,Dream Machine Pro,,Cloud Gateways,360.00,"10G Cloud Gateway with 100+ UniFi device / 1,000+ client support and 3.5 Gbps IPS routing.",Oui,Non,https://eu.store.ui.com/eu/en/category/cloud-gateways-large-scale/products/udm-pro
UDM-SE (180W),Dream Machine Special Edition,,Cloud Gateways,475.00,"10G Cloud Gateway with 100+ UniFi device / 1,000+ client support, 3.5 Gbps IPS routing, and built-in PoE switching.",Oui,Non,https://eu.store.ui.com/eu/en/category/cloud-gateways-large-scale/products/udm-se
UCG-Fiber (30W),Cloud Gateway Fiber,,Cloud Gateways,264.00,"Desktop 10G Cloud Gateway with integrated 4-port 2.5 GbE switch, selectable NVR storage, and full UniFi application support.",Oui,Non,https://eu.store.ui.com/eu/en/category/cloud-gateways-compact/collections/cloud-gateway-fiber/products/ucg-fiber
UCG-Max,Cloud Gateway Max,,Cloud Gateways,264.00,"Compact 2.5G Cloud Gateway with 30+ UniFi device / 300+ client support, 2.3 Gbps IPS routing, and selectable NVR storage.",Oui,Non,https://eu.store.ui.com/eu/en/category/cloud-gateways-compact/collections/cloud-gateway-max
UCG-Ultra,Cloud Gateway Ultra,,Cloud Gateways,95.00,"Compact Cloud Gateway with 30+ UniFi device / 300+ client support, 1 Gbps IPS routing, and multi-WAN load balancing.",Oui,Non,https://eu.store.ui.com/eu/en/category/cloud-gateways-compact/products/ucg-ultra
UCG-Industrial (270W),Cloud Gateway Industrial,,Cloud Gateways,520.00,"Ruggedized, fanless 10 GbE UniFi Cloud Gateway delivering 350W of total system power for high-density PoE deployments, with advanced routing capabilities and microSD storage for full UniFi application support.",Oui,Non,https://eu.store.ui.com/eu/en/category/cloud-gateways-wifi-integrated/products/ucg-industrial
UDR-5G-Max (15W),Dream Router 5G Max,,Cloud Gateways,449.00,"Desktop Cloud Gateway with full-performance 5G up to 3.4 Gbps, WiFi 7, 10G SFP+, 4-port 2.5 GbE switch with (1) PoE port, and SD card storage.",Non,Oui,https://eu.store.ui.com/eu/en/category/cloud-gateways-wifi-integrated/products/udr-5g-max-eu
UDR7 (15W),Dream Router 7,,Cloud Gateways,264.00,"Desktop 10G Cloud Gateway with integrated WiFi 7, PoE switch, microSD storage, and full UniFi application support.",Oui,Non,https://eu.store.ui.com/eu/en/category/cloud-gateways-wifi-integrated/products/udr7
UX7,UniFi Express 7,,Cloud Gateways,189.00,"Mesh-scalable, super-compact 10G Cloud Gateway with integrated WiFi 7.",Oui,Non,https://eu.store.ui.com/eu/en/category/cloud-gateways-wifi-integrated/products/ux7
UDW (420W),Dream Wall,,Cloud Gateways,553.00,"Wall-mounted 10G Cloud Gateway with integrated WiFi 6, high-power PoE switching, and full UniFi application support.",Non,Oui,https://eu.store.ui.com/eu/en/category/cloud-gateways-wifi-integrated/products/udw
USW-Pro-Max-48-PoE (720W),Pro Max 48 PoE,,Switching,1269.00,"A 48-port, Layer 3 Etherlighting™ switch with 2.5 GbE and PoE++ output.",Oui,Non,https://eu.store.ui.com/eu/en/category/switching-professional-max-xg/products/usw-pro-max-48-poe
USW-Pro-Max-24-PoE (400W),Pro Max 24 PoE,,Switching,782.00,"A 24-port, Layer 3 Etherlighting™ switch capable of high-power PoE++ output.",Oui,Non,https://eu.store.ui.com/eu/en/category/switching-professional-max-xg/products/usw-pro-max-24-poe
USW-Pro-XG-48-PoE (1080W),Pro XG 48 PoE,,Switching,2381.00,"Professional-grade, 48-port Layer 3 Etherlighting™ PoE+++ switch with (32) 10 GbE, (16) 2.5 GbE PoE, and (4) 25G SFP28 ports.",Oui,Non,https://eu.store.ui.com/eu/en/category/switching-professional-max-xg/products/usw-pro-xg-48-poe
USW-Pro-XG-24-PoE (720W),Pro XG 24 PoE,,Switching,1714.00,"Professional-grade, 24-port Layer 3 Etherlighting™ PoE+++ switch with (16) 10 GbE, (8) 2.5 GbE, and (2) 25G SFP28 ports.",Oui,Non,https://eu.store.ui.com/eu/en/category/switching-professional-max-xg/products/usw-pro-xg-24-poe
USW-Pro-HD-24-PoE (600W),Pro HD 24 PoE,,Switching,952.00,"Professional-grade, Layer 3 Etherlighting™ switch with (2) 10 GbE PoE++, (22) 2.5 GbE PoE++, and (4) 10G SFP+ ports.",Oui,Non,https://eu.store.ui.com/eu/en/category/switching-professional-max-xg/products/usw-pro-hd-24-poe
USW-Pro-48-POE (600W),Pro 48 PoE,,Switching,1047.00,"A 48-port, Layer 3 switch capable of high-power PoE++ output.",Oui,Non,https://eu.store.ui.com/eu/en/category/switching-professional/products/usw-pro-48-poe
USW-Pro-24-POE (400W),Pro 24 PoE,,Switching,666.00,"A 24-port, Layer 3 switch capable of high-power PoE++ output.",Oui,Non,https://eu.store.ui.com/eu/en/category/switching-professional/products/usw-pro-24-poe
ECS-48-PoE (2150W),Enterprise Campus 48 PoE,,Switching,3334.00,"Enterprise-grade 48-port, Layer 3 Etherlighting™ PoE+++ switch with high-capacity 10 GbE RJ45 and 25G SFP28 connections for high availability system design.",Oui,Non,https://eu.store.ui.com/eu/en/category/switching-enterprise/collections/enterprise-campus/products/ecs-48-poe
ECS-24-PoE (1050W),Enterprise Campus 24 PoE,,Switching,2381.00,"Enterprise-grade 24-port, Layer 3 Etherlighting™ PoE+++ switch with high-capacity 10 GbE RJ45 and 25G SFP28 connections for high availability system design.",Oui,Non,https://eu.store.ui.com/eu/en/category/switching-enterprise/collections/enterprise-campus/products/ecs-24-poe
EAV-XG-24-PoE (2150W),Enterprise Audio/Video XG 24 PoE,,Switching,3599.00,"Enterprise Audio/Video switch with (24) 10G PoE+++ ports and (4) 100G QSFP28 uplinks. Supports PTP timing, SMPTE ST 2110, SDVoE, and AES67 audio, with a high-precision OCXO clock and optional GPS grandmaster input (SMA) for deterministic media syncing.",Oui,Non,https://eu.store.ui.com/eu/en/category/switching-enterprise/collections/enterprise-audiovideo/products/eav-xg-24-poe
EAV-Fiber,Enterprise Audio/Video Fiber,,Switching,2699.00,"Enterprise Audio/Video switch with (20) 10G SFP+ and (2) 100G QSFP28 uplinks. Supports PTP timing, SMPTE ST 2110, SDVoE, and AES67 audio, with a high-precision OCXO clock and optional GPS grandmaster input (SMA) for deterministic media syncing.",Oui,Non,https://eu.store.ui.com/eu/en/category/switching-enterprise/collections/enterprise-audiovideo/products/eav-fiber
USW-48-POE (195W),Standard 48 PoE,,Switching,561.00,"A 48-port, Layer 2 PoE switch with a silent, fanless cooling system.",Oui,Non,https://eu.store.ui.com/eu/en/category/switching-standard/products/usw-48-poe
USW-24-POE (95W),Standard 24 PoE,,Switching,360.00,"A 24-port, Layer 2 PoE switch with a fanless cooling system.",Oui,Non,https://eu.store.ui.com/eu/en/category/switching-standard/products/usw-24-poe
USW-16-POE (42W),Standard 16 PoE,,Switching,284.00,"A 16-port, Layer 2 PoE switch with a silent, fanless cooling system.",Oui,Non,https://eu.store.ui.com/eu/en/category/switching-standard/products/usw-16-poe
USW-Pro-XG-48,Pro XG 48,,Switching,1905.00,"Professional-grade, 48-port Layer 3 Etherlighting™ switch with (32) 10 GbE, (16) 2.5 GbE, and (4) 25G SFP28 ports.",Oui,Non,https://eu.store.ui.com/eu/en/category/switching-professional-max-xg/products/usw-pro-xg-48
USW-Pro-XG-24,Pro XG 24,,Switching,1047.00,"Professional-grade, 24-port Layer 3 Etherlighting™ switch with (16) 10 GbE, (8) 2.5 GbE, and (2) 25G SFP28 ports.",Oui,Non,https://eu.store.ui.com/eu/en/category/switching-professional-max-xg/products/usw-pro-xg-24
ECS-Aggregation,Enterprise Campus Aggregation,,Switching,3811.00,1.8 Tbps high-density 100G/25G Layer 3 Etherlighting™ aggregation switch with MC-LAG support for high availability system design.,Oui,Non,https://eu.store.ui.com/eu/en/category/switching-enterprise/collections/enterprise-campus-aggregation/products/ecs-aggregation
USW-Pro-XG-Aggregation,Pro XG Aggregation,,Switching,2381.00,"Professional-grade 32-port, Layer 3 Etherlighting™ switch for high-capacity 25G SFP28 connections.",Oui,Non,https://eu.store.ui.com/eu/en/category/switching-aggregation/products/usw-pro-xg-aggregation
USW-Aggregation,Aggregation,,Switching,254.00,"An 8-port, Layer 2 switch made for 10G SFP+ connections.",Oui,Non,https://eu.store.ui.com/eu/en/category/switching-aggregation/products/usw-aggregation
USW-WAN,WAN Switch,,Switching,238.00,10G SFP+ WAN Switch linking two Shadow Mode High Availability UniFi Gateways to a single ISP.,Oui,Non,https://eu.store.ui.com/eu/en/category/switching-wan/products/usw-wan
USW-WAN-RJ45,WAN Switch RJ45,,Switching,238.00,10 GbE WAN Switch linking two Shadow Mode High Availability UniFi Gateways to a single ISP.,Oui,Non,https://eu.store.ui.com/eu/en/category/switching-wan/products/usw-wan-rj45
USW-Pro-XG-10-PoE (400W),Pro XG 10 PoE,,Switching,666.00,"1U, professional-grade 10-port, Layer 3 Etherlighting™ PoE+++ switch with (10) 10 GbE and (2) 10G SFP+ ports.",Oui,Non,https://eu.store.ui.com/eu/en/category/switching-professional-max-xg/products/usw-pro-xg-10-poe
USW-Lite-16-POE (45W),Lite 16 PoE,,Switching,189.00,"A wall-mountable, 16-port, Layer 2 PoE switch with a fanless cooling system.",Oui,Non,https://eu.store.ui.com/eu/en/category/switching-utility/products/usw-lite-16-poe
USW-Lite-8-POE (52W),Lite 8 PoE,,Switching,104.00,"An 8-port, Layer 2 PoE switch supporting silent fanless cooling.",Oui,Non,https://eu.store.ui.com/eu/en/category/switching-utility/products/usw-lite-8-poe
USW-Pro-Max-16-PoE (180W),Pro Max 16 PoE,,Switching,380.00,"A 16-port, Layer 3 Etherlighting™ switch with 2.5 GbE, PoE++ output, and versatile mounting options.",Oui,Non,https://eu.store.ui.com/eu/en/category/switching-professional-max-xg/products/usw-pro-max-16-poe
USW-Pro-XG-8-PoE (155W),Pro XG 8 PoE,,Switching,475.00,"Compact desktop/wall-mountable, professional-grade 8-port, Layer 3 Etherlighting™ PoE++ switch with (8) 10 GbE and (2) 10G SFP+ ports.",Oui,Non,https://eu.store.ui.com/eu/en/category/switching-utility/products/usw-pro-xg-8-poe
USW-Enterprise-8-PoE (120W),Enterprise 8 PoE (Vintage),,Switching,455.00,"An 8-port, Layer 3 switch with 2.5 GbE PoE+ output.",Oui,Non,https://eu.store.ui.com/eu/en/category/switching-utility/products/usw-enterprise-8-poe
USW-Pro-8-PoE (120W),Pro 8 PoE,,Switching,284.00,"An 8-port, Layer 3 switch with PoE+ and PoE++ output.",Oui,Non,https://eu.store.ui.com/eu/en/category/switching-utility/products/usw-pro-8-poe
Product Collection,Ultra,,Switching,195.00,"A compact, Layer 2, 8-port GbE PoE switch with versatile mounting options.",Oui,Non,https://eu.store.ui.com/eu/en/category/switching-utility/collections/pro-ultra
USW-Flex-2.5G-8-PoE (196W),Flex 2.5G PoE,,Switching,189.00,"Flexible, 8-port 2.5 GbE PoE++ switch with a 10 GbE RJ45/SFP+ combination uplink port that can be powered with PoE+++ or an AC power adapter.",Oui,Non,https://eu.store.ui.com/eu/en/category/switching-utility/products/usw-flex-2-5g-8-poe
USW-Flex-2.5G-8,Flex 2.5G,,Switching,153.00,"Flexible, 8-port 2.5 GbE switch with a 10 GbE RJ45/SFP+ combination uplink port that can be powered with a USB-C or PoE+ adapter.",Oui,Non,https://eu.store.ui.com/eu/en/category/switching-utility/products/usw-flex-2-5g-8
USW-Flex-2.5G-5,Flex Mini 2.5G,,Switching,47.00,"Compact, 5-port 2.5G switch that can be powered with PoE or a USB-C adapter.",Oui,Non,https://eu.store.ui.com/eu/en/category/switching-utility/products/usw-flex-2-5g-5
USW-Flex-Mini,Flex Mini,,Switching,26.00,"A compact, 5-port, Layer 2 switch that can be powered with PoE or a 5V USB-C adapter.",Oui,Non,https://eu.store.ui.com/eu/en/category/switching-utility/products/usw-flex-mini
USW-Flex (46W),Flex,,Switching,94.00,"Flexible 5-port, Layer 2 PoE switch for indoor and outdoor use, that can be powered with PoE++.",Oui,Non,https://eu.store.ui.com/eu/en/category/switching-utility/products/usw-flex
USW-Flex-Utility,Flex Utility,,Switching,45.00,The Switch Flex Utility is an outdoor weatherproof enclosure designed for use with the Switch Flex.,Oui,Non,https://eu.store.ui.com/eu/en/category/switching-utility/products/usw-flexutility
UACC-Flex-Utility-Pro,Flex Utility Pro,,Switching,55.00,"A universal outdoor weatherproof enclosure. Protect your networking gear in any environment with this versatile, durable enclosure, designed for both wall and pole mounting.",Oui,Non,https://eu.store.ui.com/eu/en/category/switching-utility/products/uacc-flex-utility-pro
USW-Flex-XG,Flex 10 GbE,,Switching,285.00,"A compact, 5-port, Layer 2 switch that supports 10 GbE speeds and can be powered with PoE or a 5V USB-C adapter.",Oui,Non,https://eu.store.ui.com/eu/en/category/switching-utility/products/usw-flex-xg
USW-Pro-HD-24,Pro HD 24,,Switching,570.00,"Professional-grade, Layer 3 Etherlighting™ switch with (2) 10 GbE, (22) 2.5 GbE, and (4) 10G SFP+ ports.",Oui,Non,https://eu.store.ui.com/eu/en/category/switching-professional-max-xg/products/usw-pro-hd-24
USW-Pro-Max-48,Pro Max 48,,Switching,634.00,"A 48-port, Layer 3 Etherlighting™ switch with 2.5 GbE.",Oui,Non,https://eu.store.ui.com/eu/en/category/switching-professional-max-xg/products/usw-pro-max-48
USW-Pro-Max-24,Pro Max 24,,Switching,428.00,"A 24-port, Layer 3 Etherlighting™ switch with 2.5 GbE.",Oui,Non,https://eu.store.ui.com/eu/en/category/switching-professional-max-xg/products/usw-pro-max-24
USW-Pro-Max-16,Pro Max 16,,Switching,264.00,"A 16-port, Layer 3 Etherlighting™ switch 2.5 GbE and versatile mounting options.",Oui,Non,https://eu.store.ui.com/eu/en/category/switching-professional-max-xg/products/usw-pro-max-16
USW-Pro-48,Pro 48,,Switching,570.00,"A 48-port, Layer 3 switch supporting 10G SFP+ connections with fanless cooling.",Oui,Non,https://eu.store.ui.com/eu/en/category/switching-professional/products/usw-pro-48
USW-Pro-24,Pro 24,,Switching,380.00,"A 24-port, Layer 3 switch supporting 10G SFP+ connections with fanless cooling.",Non,Oui,https://eu.store.ui.com/eu/en/category/switching-professional/products/usw-pro-24
USW-48,Standard 48,,Switching,380.00,"A 48-port, Layer 2 switch with a silent, fanless cooling system.",Oui,Non,https://eu.store.ui.com/eu/en/category/switching-standard/products/usw-48
USW-24,Standard 24,,Switching,211.00,"A 24-port, Layer 2 switch with a silent, fanless cooling system.",Oui,Non,https://eu.store.ui.com/eu/en/category/switching-standard/products/usw-24
USW-Mission-Critical (120W),UPS PoE Switch,,Switching,979.00,A switch with an integrated 368Wh lithium-ion battery capable of providing uninterruptible PoE to 8 devices.,Oui,Non,https://eu.store.ui.com/eu/en/category/switching-professional/products/usw-mission-critical-eu
USW-Pro-Aggregation,Hi-Capacity Aggregation,,Switching,856.00,"A 32-port, Layer 3 switch made for high-capacity 10G SFP+ and 25G SFP28 connections.",Non,Oui,https://eu.store.ui.com/eu/en/category/switching-aggregation/products/usw-pro-aggregation
ECS-48S-PoE (2150W),Enterprise Campus 48S PoE,,Switching,3599.00,"Enterprise-grade 48-port, Layer 3 Etherlighting™ PoE+++ switch with Stacking support and high-capacity 10 GbE RJ45 and 25G SFP28 connections for high availability system design.",Oui,Non,https://eu.store.ui.com/eu/en/category/switching-enterprise/collections/enterprise-campus-stackable/products/ecs-48s-poe
ECS-24S-PoE (1050W),Enterprise Campus 24S PoE,,Switching,2699.00,"Enterprise-grade 24-port, Layer 3 Etherlighting™ PoE+++ switch with Stacking support and high-capacity 10 GbE RJ45 and 25G SFP28 connections for high availability system design.",Oui,Non,https://eu.store.ui.com/eu/en/category/switching-enterprise/collections/enterprise-campus-stackable/products/ecs-24s-poe
E7,E7,,WiFi,475.00,"Enterprise-grade indoor access point with 10-stream WiFi 7 performance, a 10 GbE uplink, and a redundant GbE port for high availability.",Oui,Non,https://eu.store.ui.com/eu/en/category/wifi-enterprise/products/e7
E7-Audience,E7 Audience,,WiFi,1905.00,"Enterprise-grade indoor access point designed for high-density environments with 12-stream 5 GHz and 6 GHz WiFi 7 performance, a 10 GbE uplink, and a redundant GbE port for high availability.",Oui,Non,https://eu.store.ui.com/eu/en/category/wifi-mega-capacity/products/e7-audience
E7-Campus,E7 Campus,,WiFi,761.00,"Enterprise-grade indoor/outdoor access point with 10-stream dual-band WiFi 7 performance, PRISM™ active RF filtering technology, integrated directional antennas, a 10 GbE uplink, and a redundant GbE port for high availability.",Oui,Non,https://eu.store.ui.com/eu/en/category/wifi-enterprise/products/e7-campus
U7-Pro-XGS-B,U7 Pro XGS,,WiFi,284.00,Ceiling-mounted 8-stream WiFi 7 AP with dedicated spectral scanning radio and 10/5/2.5/1 GbE support.,Oui,Non,https://eu.store.ui.com/eu/en/category/wifi-flagship/products/u7-pro-xgs
U7-Pro-XG-B,U7 Pro XG,,WiFi,189.00,Ceiling-mounted 6-stream WiFi 7 AP with 10/5/2.5/1 GbE support.,Oui,Non,https://eu.store.ui.com/eu/en/category/wifi-flagship/products/u7-pro-xg
U7-Pro-Max,U7 Pro Max,,WiFi,264.00,"Ceiling-mounted WiFi 7 AP with 8 spatial streams, 6 GHz support, and a dedicated spectral scanning engine for interference-free WiFi in demanding, large-scale environments.",Oui,Non,https://eu.store.ui.com/eu/en/category/wifi-flagship/products/u7-pro-max
U7-Pro,U7 Pro,,WiFi,169.00,"Ceiling-mounted WiFi 7 AP with 6 spatial streams and 6 GHz support for interference-free WiFi in demanding, large-scale environments.",Oui,Non,https://eu.store.ui.com/eu/en/category/wifi-flagship/products/u7-pro
U7-LR,U7 Long-Range,,WiFi,153.00,"Compact, ceiling-mount WiFi 7 AP with 5 spatial streams and extended signal range.",Oui,Non,https://eu.store.ui.com/eu/en/category/wifi-flagship/products/u7-lr
U7-Lite,U7 Lite,,WiFi,94.00,"Compact, ceiling-mounted WiFi 7 AP with 4 spatial streams and 2.5 GbE uplink.",Oui,Non,https://eu.store.ui.com/eu/en/category/wifi-flagship/products/u7-lite
U7-Pro-XG-Wall,U7 Pro XG Wall,,WiFi,264.00,Wall-mounted 6 GHz-ready WiFi 7 AP with 1/2.5/5/10 GbE support.,Oui,Non,https://eu.store.ui.com/eu/en/category/wifi-wall/products/u7-pro-xg-wall
U7-Pro-Wall,U7 Pro Wall,,WiFi,195.00,Wall-mounted WiFi 7 AP with 6 spatial streams and 6 GHz support tailored for home builders with seamless installation options.,Oui,Non,https://eu.store.ui.com/eu/en/category/wifi-wall/products/u7-pro-wall
U7-IW,U7 In-Wall,,WiFi,142.00,Wall-mounted WiFi‎ 7 AP with 4 spatial streams and an integrated 2.5 GbE PoE switch designed for hospitality environments.,Oui,Non,https://eu.store.ui.com/eu/en/category/wifi-wall/products/u7-iw
U7-Pro-Outdoor,U7 Pro Outdoor,,WiFi,264.00,"All-weather IP67 WiFi 7 AP with 6 spatial streams, integrated directional super antenna, and articulation mounting bracket.",Oui,Non,https://eu.store.ui.com/eu/en/category/wifi-outdoor/products/u7-pro-outdoor
U7-Outdoor,U7 Outdoor,,WiFi,195.00,"All-weather WiFi 7 AP with 4 spatial streams, an integrated directional super antenna, and versatile mounting options.",Oui,Non,https://eu.store.ui.com/eu/en/category/wifi-outdoor/products/u7-outdoor
U7-Mesh,U7 Mesh,,WiFi,179.00,Compact indoor/outdoor WiFi 7 AP with integrated long-range antenna system.,Non,Oui,https://eu.store.ui.com/eu/en/category/wifi-outdoor/products/u7-mesh
U6-Enterprise,U6 Enterprise,,WiFi,264.00,"Ceiling-mounted WiFi 6E AP with 10 spatial streams and 6 GHz support to provide seamless, multi-band coverage within high client density environments.",Oui,Non,https://eu.store.ui.com/eu/en/category/wifi-flagship/products/u6-enterprise
U6-Enterprise-IW,U6 Enterprise In-Wall,,WiFi,284.00,"Wall-mounted WiFi 6E AP with 10 spatial streams, 6 GHz support, and a built-in 4-port switch. Designed for high-density office networks.",Oui,Non,https://eu.store.ui.com/eu/en/category/wifi-wall/products/u6-enterprise-iw
U6-Pro,U6 Pro,,WiFi,153.00,Ceiling-mounted WiFi 6 AP with 6 spatial streams designed for large offices.,Oui,Non,https://eu.store.ui.com/eu/en/category/wifi-flagship/products/u6-pro
U6+,U6+,,WiFi,94.00,"Compact, ceiling-mounted WiFi 6 AP with 4 spatial streams that improves upon the U6 Lite with higher performance and dual-band WiFi 6 support. Ideal for small and medium-sized businesses.",Oui,Non,https://eu.store.ui.com/eu/en/category/wifi-flagship/products/u6-plus
U6-Mesh,U6 Mesh,,WiFi,169.00,"Sleek, indoor/outdoor WiFi 6 AP with 6 spatial streams designed for mesh applications.",Oui,Non,https://eu.store.ui.com/eu/en/category/wifi-outdoor/products/u6-mesh
U6-Mesh-Pro,U6 Mesh Pro,,WiFi,195.00,"Indoor/outdoor WiFi 6 AP with 4 spatial streams, an integrated super antenna, and a gigabit passthrough port.",Oui,Non,https://eu.store.ui.com/eu/en/category/wifi-outdoor/products/u6-mesh-pro
U6-Extender,U6 Extender,,WiFi,142.00,Easy-to-deploy WiFi 6 coverage extender that fits a standard wall outlet.,Oui,Non,https://eu.store.ui.com/eu/en/category/wifi-wall/products/u6-extender-eu
UAP-AC-M,AC Mesh,,WiFi,94.00,"Compact, indoor/outdoor WiFi 5 AP with 4 spatial streams and optional external antenna support for directional coverage.",Oui,Non,https://eu.store.ui.com/eu/en/category/wifi-outdoor/products/uap-ac-mesh
UK-Ultra,Swiss Army Knife,,WiFi,79.00,"Incredibly compact, indoor/outdoor AP with versatile mounting options and long-range external antenna support.",Oui,Non,https://eu.store.ui.com/eu/en/category/wifi-outdoor/products/uk-ultra
UWB-XG,WiFi BaseStation XG,,WiFi,1428.00,"Tri-radio WiFi 5 AP with 12 spatial streams and a selectable beamforming antenna, designed for high-density applications at large venues.",Non,Oui,https://eu.store.ui.com/eu/en/category/wifi-mega-capacity/products/uwb-xg
U6-IW,U6 In-Wall,,WiFi,169.00,Wall-mounted WiFi 6 AP with 6 spatial streams and a built-in 4‑port switch ideal for single-room coverage in hospitality environments.,Oui,Non,https://eu.store.ui.com/eu/en/category/wifi-wall/products/u6-iw
UAP-AC-PRO,AC Pro,,WiFi,142.00,Ceiling-mounted WiFi 5 AP with 6 spatial streams designed for large offices.,Oui,Non,https://eu.store.ui.com/eu/en/category/wifi-flagship/products/uap-ac-pro
UDB-Pro-Sector,Device Bridge Pro Sector,,WiFi,189.00,5 GHz point-to-multipoint access point that wirelessly bridges 50+ Device Bridge Pro clients at 5+ km distances.,Oui,Non,https://eu.store.ui.com/eu/en/category/wifi-bridging/products/udb-pro-sector
UDB-Pro,Device Bridge Pro,,WiFi,189.00,5 GHz wireless bridge with PoE output that connects at 5+ km distances or seamlessly uplinks to UniFi WiFi.,Oui,Non,https://eu.store.ui.com/eu/en/category/wifi-bridging/products/udb-pro
UDB,Device Bridge,,WiFi,95.00,"Plug-and-play, wireless bridging PoE adapter with integrated UniFi WiFi Auto-Link.",Oui,Non,https://eu.store.ui.com/eu/en/category/wifi-bridging/products/udb
UDB-IoT,Device Bridge IoT,,WiFi,46.00,"Ultra-compact wireless bridge for IoT devices with integrated UniFi WiFi Auto-Link, versatile mounting options, and powered by USB Type-C or 4-pin DC socket.",Non,Oui,https://eu.store.ui.com/eu/en/category/wifi-bridging/products/udb-iot
UDB-Switch (35W),Device Bridge Switch,,WiFi,284.00,"Compact PoE+ switch* with (1) 10 GbE port, (7) 2.5 GbE ports, and 6 GHz-ready WiFi 7 bridging integration for seamless, high-capacity wireless uplink to UniFi WiFi.",Oui,Non,https://eu.store.ui.com/eu/en/category/wifi-bridging/products/udb-switch
UBB-XG,Building Bridge XG,,WiFi,524.00,60 GHz wireless point-to-point bridge with a 10G SFP+ uplink for maximum performance and a 5 GHz backup radio.,Non,Oui,https://eu.store.ui.com/eu/en/category/wifi-bridging/products/ubb-xg
UBB-Single,Building Bridge,,WiFi,264.00,60 GHz wireless point-to-point bridge with a 5 GHz backup radio.,Oui,Non,https://eu.store.ui.com/eu/en/category/wifi-bridging/products/ubb
U-AirWire,AirWire,,WiFi,179.00,"High-performance WiFi 7 client adapter with STR MLO, enabling simultaneous full-duplex links for ultra-low latency, extended range, and true multi-gigabit real-world speeds.",Oui,Non,https://eu.store.ui.com/eu/en/category/wifi-special-devices/products/u-airwire
UTR,UniFi Travel Router,,WiFi,70.00,"An ultra-slim travel router that instantly extends your UniFi Network wherever you are, bringing secure, familiar connectivity to remote locations.",Non,Oui,https://eu.store.ui.com/eu/en/category/wifi-special-devices/products/utr
UVC-G6-Pro-Turret-B,G6 Pro Turret,,Cameras & NVR,430.00,"All-weather tamper-resistant 4K PoE+ camera with a Multi-TOPS AI engine, 2.36x optical zoom, and a large 1/1.2"" CMOS sensor for exceptional low-light clarity and long-range IR night vision.",Oui,Non,https://eu.store.ui.com/eu/en/category/cameras-dome-turret/products/uvc-g6-pro-turret
UVC-G6-Pro-Dome-B,G6 Pro Dome,,Cameras & NVR,449.00,"All-weather vandal-proof 4K PoE+ camera with a Multi-TOPS AI engine, 2.36x optical zoom, and a large 1/1.2"" CMOS sensor for exceptional low-light clarity and long-range IR night vision.",Oui,Non,https://eu.store.ui.com/eu/en/category/cameras-dome-turret/products/uvc-g6-pro-dome
UVC-G6-Turret-B,G6 Turret,,Cameras & NVR,179.00,"All-weather, tamper-resistant 4K PoE camera with a 1/1.8"" 8MP image sensor, Multi-TOPS AI Engine, and 3-axis manual adjustment for flexible installation.",Oui,Non,https://eu.store.ui.com/eu/en/category/cameras-dome-turret/products/uvc-g6-turret
UVC-G6-Dome-B,G6 Dome,,Cameras & NVR,250.00,"All-weather, vandal-proof 4K PoE camera with a 1/1.8"" 8MP image sensor, Multi-TOPS AI Engine, and long-range IR night vision ideal for discreet installations in high-traffic areas.",Oui,Non,https://eu.store.ui.com/eu/en/category/cameras-dome-turret/products/uvc-g6-dome
UVC-G6-Pro-360-B,G6 Pro 360,,Cameras & NVR,449.00,"All-weather, vandal-resistant 12MP PoE camera with panoramic 360° coverage, digital pan-tilt-zoom functionality, and smart IR functionality.",Oui,Non,https://eu.store.ui.com/eu/en/category/cameras-dome-turret/products/uvc-g6-pro-360
UVC-G6-180-B,G6 180,,Cameras & NVR,269.00,"Indoor/outdoor dual sensor 16MP 20 FPS PoE+ camera, with a Multi-TOPS AI Engine and panoramic 180° coverage.",Oui,Non,https://eu.store.ui.com/eu/en/category/cameras-dome-turret/products/uvc-g6-180
UVC-AI-MS-4-B,AI Multi Sensor 4,,Cameras & NVR,1619.00,"All-weather PoE++ 32MP multi-sensor camera featuring a Multi-TOPS AI engine, 2.33× optical zoom, 360° IR coverage, and four independently adjustable lenses for seamless wide-area and close-up monitoring.",Oui,Non,https://eu.store.ui.com/eu/en/category/cameras-dome-turret/products/uvc-ai-ms-4
UVC-G5-Turret-Ultra-B,G5 Turret Ultra,,Cameras & NVR,80.00,"Ultra-compact, tamper-resistant, and weatherproof 2K HD PoE camera with long-range night vision.",Oui,Non,https://eu.store.ui.com/eu/en/category/cameras-dome-turret/products/uvc-g5-turret-ultra
UVC-G6-Pro-Bullet-B,G6 Pro Bullet,,Cameras & NVR,430.00,"All-weather 4K PoE+ camera with a Multi-TOPS AI engine, 2.36x optical zoom, and a large 1/1.2"" CMOS sensor for exceptional low-light clarity and long-range IR night vision.",Oui,Non,https://eu.store.ui.com/eu/en/category/cameras-bullet/products/uvc-g6-pro-bullet
UVC-G6-Bullet-B,G6 Bullet,,Cameras & NVR,179.00,"All-weather 4K PoE camera with a 1/1.8"" 8MP image sensor, Multi-TOPS AI Engine, and long-range IR night vision.",Oui,Non,https://eu.store.ui.com/eu/en/category/cameras-bullet/products/uvc-g6-bullet
UVC-AI-LPR,AI LPR,,Cameras & NVR,449.00,Specialized 4K camera with 3x optical zoom and long-range IR night vision optimized for recognizing license plates on vehicles moving up to 90 km/h.,Oui,Non,https://eu.store.ui.com/eu/en/category/cameras-bullet/products/uvc-ai-lpr
Product Collection,AI DSLR,,Cameras & NVR,1349.00,Indoor/outdoor 4K PoE camera with 17 or 45 mm lens.,Oui,Non,https://eu.store.ui.com/eu/en/category/cameras-bullet/collections/unifi-camera-security-bullet-dslr
UVC-G6-INS-W,G6 Instant,,Cameras & NVR,160.00,"Plug-and-play, 4K WiFi-connected camera with a 1/1.8"" 8MP image sensor, Multi-TOPS AI Engine, and two-way audio.",Oui,Non,https://eu.store.ui.com/eu/en/category/cameras-compact/products/uvc-g6-ins
UVC-G6-INS,G6 Instant,,Cameras & NVR,160.00,"Plug-and-play, 4K WiFi-connected camera with a 1/1.8"" 8MP image sensor, Multi-TOPS AI Engine, and two-way audio.",Oui,Non,https://eu.store.ui.com/eu/en/category/cameras-compact
ENVR-Core,Enterprise NVR Core,,Cameras & NVR,4499.00,"3U UniFi Protect NVR with 16-bay support for 2.5""/3.5"" HDDs/SSDs, up to (300) 4K or (500) Full HD cameras, hot-swappable power supplies and optional 16-bay storage expansion units.",Oui,Non,https://eu.store.ui.com/eu/en/category/cameras-nvr/products/envr-core
ENVR,Enterprise NVR,,Cameras & NVR,1829.00,"3U NVR with (16) 2.5/3.5” drive bays, supporting up to (70) 4K cameras or (210) Full HD cameras.",Oui,Non,https://eu.store.ui.com/eu/en/category/cameras-nvr/products/envr
UNVR-G2-Pro,Network Video Recorder G2 Pro,,Cameras & NVR,899.00,"2U UniFi Protect NVR with built-in AI event analytics, HDMI output, eight 2.5”/3.5” HDD bays, and support for up to (50) 4K or (100) Full HD cameras.",Oui,Non,https://eu.store.ui.com/eu/en/category/cameras-nvr/products/unvr-g2-pro
UNVR-G2,Network Video Recorder G2,,Cameras & NVR,629.00,"1U UniFi Protect NVR with built-in AI event analytics, HDMI output, four 2.5”/3.5” HDD bays, and support for up to (30) 4K or (60) Full HD cameras.",Oui,Non,https://eu.store.ui.com/eu/en/category/cameras-nvr/products/unvr-g2
UNVR-Pro,Network Video Recorder Pro,,Cameras & NVR,449.00,"A 2U-sized video recorder with (7) 2.5/3.5"" HDD bays that can provide up to 60 days of storage for (24) 4K cameras or (70) Full HD cameras.",Oui,Non,https://eu.store.ui.com/eu/en/category/cameras-nvr/products/unvr-pro
UNVR,Network Video Recorder,,Cameras & NVR,269.00,"A video recorder with (4) 2.5/3.5"" HDD bays that can support up to 30 days of storage for (18) 4K cameras or (60) Full HD cameras.",Oui,Non,https://eu.store.ui.com/eu/en/category/cameras-nvr/products/unvr
UNVR-Instant,Network Video Recorder Instant,,Cameras & NVR,179.00,"Compact UniFi Protect NVR with 3.5"" HDD support, featuring an integrated PoE switch.",Oui,Non,https://eu.store.ui.com/eu/en/category/cameras-nvr/collections/unvr-instant
AI-Key,AI Key,,Cameras & NVR,719.00,"Edge AI appliance that enhances any UniFi Protect deployment with proactive, AI-driven threat detection and alerting, capable of analyzing up to 1,800 smart detection events per hour.",Oui,Non,https://eu.store.ui.com/eu/en/category/cameras-nvr/products/ai-key
UP-AI-Port,AI Port,,Cameras & NVR,179.00,"AI appliance that enhances any UniFi or third-party camera with AI detection, classification, and recognition capabilities.",Oui,Non,https://eu.store.ui.com/eu/en/category/cameras-nvr/products/up-ai-port
UP-Viewport,Protect Viewport,,Cameras & NVR,179.00,Easy-to-use hub for viewing Protect camera feeds on an HDMI display.,Non,Oui,https://eu.store.ui.com/eu/en/category/cameras-nvr/products/ufp-viewport
UCK-G2-SSD,CloudKey+,,Cameras & NVR,238.00,"Compact UniFi Console that connects directly to the Site Manager at https://unifi.ui.com/ for powerful, multi-application site management.",Oui,Non,https://eu.store.ui.com/eu/en/category/cameras-nvr/products/uck-g2-ssd
UVC-G6-PTZ-B,G6 PTZ,,Cameras & NVR,359.00,"All-weather, 4K dual-lens camera with 10x hybrid zoom, 1/1.8"" 8MP image sensor, Multi-TOPS AI Engine, and ultra-low latency pan-tilt-zoom control for motion tracking.",Oui,Non,https://eu.store.ui.com/eu/en/category/cameras-ptz/products/uvc-g6-ptz
UVC-AI-PTZ-B,AI PTZ Industrial,,Cameras & NVR,1169.00,"Industrial-grade 4K PoE++ PTZ camera with enhanced AI capabilities, 22x optical zoom, and long-range adaptive IR LED night vision.",Oui,Non,https://eu.store.ui.com/eu/en/category/cameras-ptz/products/uvc-ai-ptz
UVC-AI-PTZ-Precision-B,AI PTZ Precision,,Cameras & NVR,1799.00,"Industrial-grade 4K PTZ camera with enhanced AI capabilities, 31× optical zoom, adaptive IR LED night vision, and LiDAR technology for faster autofocus.",Oui,Non,https://eu.store.ui.com/eu/en/category/cameras-ptz/products/uvc-ai-ptz-precision
UVC-G5-PTZ-B,G5 PTZ,,Cameras & NVR,269.00,"Compact, all-weather camera with ultra-low latency pan-tilt-zoom control and versatile mounting options.",Oui,Non,https://eu.store.ui.com/eu/en/category/cameras-ptz/products/uvc-g5-ptz
UVC-G4 Doorbell Pro PoE Kit,"G4 Doorbell Pro PoE Kit
Chime Included",,Cameras & NVR,340.00,Premium UniFi doorbell with integrated PoE and included PoE chime for plug-and-play installation.,Oui,Non,https://eu.store.ui.com/eu/en/category/cameras-doorbells
UVC-AI-Turret-B,AI Turret,,Cameras & NVR,359.00,"All-weather, vandal-proof 4K PoE+ turret camera with enhanced AI capabilities and IR and visible LEDs for night vision.",Oui,Non,https://eu.store.ui.com/eu/en/category/cameras-dome-turret/products/uvc-ai-turret
UVC-AI-Dome-B,AI Dome,,Cameras & NVR,359.00,"All-weather, vandal-proof 4K PoE dome camera with enhanced AI capabilities and long-range IR night vision.",Oui,Non,https://eu.store.ui.com/eu/en/category/cameras-dome-turret/products/uvc-ai-dome
UVC-AI-360,AI 360,,Cameras & NVR,359.00,Indoor/outdoor 2K PoE camera with pan-tilt-zoom functionality that offers full 360° surveillance.,Oui,Non,https://eu.store.ui.com/eu/en/category/cameras-dome-turret/products/uvc-ai-360
UVC-G5-Dome,G5 Dome,,Cameras & NVR,160.00,Next-gen 2K HD PoE ceiling camera with enhanced dynamic range and low-light performance.,Oui,Non,https://eu.store.ui.com/eu/en/category/cameras-dome-turret/products/uvc-g5-dome
UVC-G5-Dome-Ultra-B,G5 Dome Ultra,,Cameras & NVR,80.00,Ultra-compact and tamper-resistant 2K HD PoE camera with night vision designed for low-profile indoor security.,Oui,Non,https://eu.store.ui.com/eu/en/category/cameras-dome-turret/products/uvc-g5-dome-ultra
UVC-AI-Pro,AI Pro,,Cameras & NVR,449.00,"Indoor/outdoor 4K PoE camera with 3x optical zoom, long-range IR night vision, and enhanced AI detection capabilities.",Oui,Non,https://eu.store.ui.com/eu/en/category/cameras-bullet/products/uvc-ai-pro
UVC-G5-Pro,G5 Pro,,Cameras & NVR,340.00,"Next-gen indoor/outdoor 4K PoE camera with exceptional image performance, long-range IR night vision, and 3x optical zoom.",Oui,Non,https://eu.store.ui.com/eu/en/category/cameras-bullet/products/uvc-g5-pro
UVC-G5-Bullet,G5 Bullet,,Cameras & NVR,115.00,Next-gen indoor/outdoor 2K HD PoE Camera.,Oui,Non,https://eu.store.ui.com/eu/en/category/cameras-bullet/products/uvc-g5-bullet
UVC-G5-Flex,G5 Flex,,Cameras & NVR,115.00,"Compact, easy-to-deploy 2K HD PoE camera that can be staged indoors or outside.",Oui,Non,https://eu.store.ui.com/eu/en/category/cameras-compact/products/uvc-g5-flex
UVC-G4-INS,G4 Instant,,Cameras & NVR,90.00,"Compact, wide-angle, WiFi-connected camera with two-way audio.",Oui,Non,https://eu.store.ui.com/eu/en/category/cameras-compact/products/uvc-g4-ins
UVC-G3-INS,G3 Instant,,Cameras & NVR,70.00,"Compact, wide-angle, WiFi-connected camera with two-way audio.",Oui,Non,https://eu.store.ui.com/eu/en/category/cameras-compact/products/uvc-g3-ins
Product Collection,SuperLink Gateway,,Cameras & NVR,115.00,"Long-range, low-latency SuperLink gateway and Thread border router for UniFi Protect sensors and Thread devices.",Oui,Non,https://eu.store.ui.com/eu/en/category/all-cameras-nvrs/collections/superlink-gateway
USL-Entry-3,Entry Sensor,,Cameras & NVR,89.00,SuperLink sensor with up to 6-year battery life for monitoring door and window open/closed status.,Oui,Non,https://eu.store.ui.com/eu/en/category/cameras-superlink-sensors/products/usl-entry
USL-Motion-3,Motion Sensor,,Cameras & NVR,115.00,"SuperLink motion sensor designed for versatile installation, delivering up to 6 years of battery life.",Oui,Non,https://eu.store.ui.com/eu/en/category/cameras-superlink-sensors/products/usl-motion
USL-GlassBreak,Glass Break Sensor,,Cameras & NVR,55.00,Battery-powered SuperLink sensor featuring advanced glass break detection and motion sensing.,Oui,Non,https://eu.store.ui.com/eu/en/category/cameras-superlink-sensors/products/usl-glassbreak
USL-Environmental,Environmental Sensor,,Cameras & NVR,44.00,"Battery-powered SuperLink sensor that detects water leaks, temperature, humidity, and ambient light.",Oui,Non,https://eu.store.ui.com/eu/en/category/cameras-superlink-sensors/products/usl-environmental
USL-Relay,Relay,,Cameras & NVR,35.00,Compact SuperLink relay designed with I/O interfaces for seamless integration with third-party sensors and signaling devices.,Oui,Non,https://eu.store.ui.com/eu/en/category/cameras-superlink-sensors/products/usl-relay
USL-FOB,Remote Control KeyFob,,Cameras & NVR,35.00,"SuperLink key fob for instant programmable actions across your UniFi deployment, with up to 10 years of battery life.",Non,Oui,https://eu.store.ui.com/eu/en/category/cameras-superlink-sensors/products/usl-fob
UP-AlarmHub-Kit,Alarm Hub Kit,,Cameras & NVR,359.00,32 input zone alarm control hub for hardwire intrusion sensors powered using PoE++ input and optional battery backup.,Oui,Non,https://eu.store.ui.com/eu/en/category/cameras-superlink-sensors/products/up-alarmhub-kit
USL-Siren,Siren,,Cameras & NVR,99.00,All-weather SuperLink siren delivering 110 dB alarm and emergency LED lighting powered using battery or DC input.,Oui,Non,https://eu.store.ui.com/eu/en/category/cameras-superlink-sensors/collections/special-devices-sirens/products/usl-siren
UP-Siren-PoE,Siren PoE,,Cameras & NVR,99.00,All-weather siren delivering 110 dB alarm and emergency LED lighting powered using PoE input.,Oui,Non,https://eu.store.ui.com/eu/en/category/cameras-superlink-sensors/collections/special-devices-sirens/products/up-siren-poe
UP-AI-Horn-Speaker-B,AI Horn Speaker,,Cameras & NVR,269.00,"All-weather PoE 120 dB horn speaker with advanced AI alert functionality and versatile wall, corner, and pole mounting options.",Oui,Non,https://eu.store.ui.com/eu/en/category/camera-accessories/products/up-ai-horn-speaker
UP-Sense,All-In-One Sensor,,Cameras & NVR,55.00,"A battery-powered smart sensor capable of detecting motion, lighting, and environmental changes.",Oui,Non,https://eu.store.ui.com/eu/en/category/cameras-superlink-sensors/products/up-sense
UP-FloodLight,Floodlight,,Cameras & NVR,89.00,"Bright, motion-triggered light.",Oui,Non,https://eu.store.ui.com/eu/en/category/camera-accessories/products/up-floodlight
UACC-Adapter-PoE-USBC,PoE to USB-C Adapter,,Cameras & NVR,45.00,"Versatile adapter that provides power and connectivity to USB-C devices, including compatible Protect WiFi cameras.",Oui,Non,https://eu.store.ui.com/eu/en/category/camera-accessories/products/uacc-adapter-poe-usbc
Product Collection,Camera Junction Boxes,,Cameras & NVR,45.00,"Tamper-resistant junction box for UniFi Bullet, Dome, and Turret cameras that enhances mounting durability, aesthetics, and ease of maintenance.",Oui,Non,https://eu.store.ui.com/eu/en/category/accessories-camera/collections/camera-junction-boxes
Product Collection,Camera Arm Mounts,,Cameras & NVR,45.00,Arm mount accessories for UniFi Dome and Turret cameras.,Oui,Non,https://eu.store.ui.com/eu/en/category/accessories-camera/collections/camera-arm-mounts
UACC-Bullet-AB-B,Bullet Camera Angled Base,,Cameras & NVR,17.00,Bullet camera mounting accessory that enhances tilt angle by 22° to achieve an unrestricted viewing angle.,Oui,Non,https://eu.store.ui.com/eu/en/category/camera-accessories/products/uacc-bullet-ab
Product Collection,Camera Enhancers,,Cameras & NVR,165.00,Plug-and-play accessories that instantly upgrade UniFi camera hardware capabilities.,Oui,Non,https://eu.store.ui.com/eu/en/category/accessories-camera/collections/camera-vision-enhancers
UACC-Camera-DM-B,Camera Dual Mount,,Cameras & NVR,55.00,"Tamper-resistant, back-to-back mount for two UniFi Bullet, Dome, or Turret cameras that supports flat surface installation and attachment to 1 1/2"" NPS threaded conduit.",Oui,Non,https://eu.store.ui.com/eu/en/category/camera-accessories/products/uacc-camera-dm
UACC-GB-Plate-B,Gang Box Mounting Plate,,Cameras & NVR,35.00,A mounting plate designed to interface UniFi Protect cameras with multiple types of Gang Boxes and Junction Boxes.,Oui,Non,https://eu.store.ui.com/eu/en/category/camera-accessories/products/uacc-gb-plate
Product Collection,Dome Camera Flush Mount,,Cameras & NVR,35.00,Dome camera mounting accessory for recessed installation into a wall or ceiling.,Oui,Non,https://eu.store.ui.com/eu/en/category/accessories-camera/collections/dome-camera-flush-mount
Product Collection,Dome Camera Weather Shield,,Cameras & NVR,13.50,Dome camera accessory for protection from the elements when installed outdoors.,Oui,Non,https://eu.store.ui.com/eu/en/category/accessories-camera/collections/camera-weather-shield
UACC-G6-180-FM-B,G6 180 Camera Flush Mount,,Cameras & NVR,26.00,G6 180 camera mounting accessory for recessed ceiling installation.,Oui,Non,https://eu.store.ui.com/eu/en/category/camera-accessories/products/uacc-g6-180-fm
UACC-G6-180-PM-B,G6 180 Camera Pendant Mount,,Cameras & NVR,26.00,Pendant mount for suspending the G6 180 Camera from ceilings or overhead structures.,Oui,Non,https://eu.store.ui.com/eu/en/category/camera-accessories/products/uacc-g6-180-pm
UACC-AI-MS-4-AM-B,AI Multi Sensor 4 Camera Arm Mount,,Cameras & NVR,179.00,"Versatile mounting kit enabling flat or angled installation of the AI Multi Sensor 4 camera via arm, pole, or corner mounts - ideal for various deployment environments.",Oui,Non,https://eu.store.ui.com/eu/en/category/camera-accessories/products/uacc-ai-ms-4-am
Product Collection,G6/G5 PTZ Mounts,,Cameras & NVR,17.00,Installation accessories for PTZ camera deployments.,Oui,Non,https://eu.store.ui.com/eu/en/category/accessories-camera/collections/g5-ptz-mounts
Product Collection,Flex Camera Accessories,,Cameras & NVR,11.00,Installation accessories for UniFi Flex camera deployments.,Oui,Non,https://eu.store.ui.com/eu/en/category/accessories-camera/collections/flex-camera-accessories
Product Collection,Doorbell Accessories,,Cameras & NVR,35.00,Installation accessories for UniFi Doorbell camera deployments.,Oui,Non,https://eu.store.ui.com/eu/en/category/accessories-camera/collections/doorbell-accessories
Product Collection,Camera PoE to USB-C Cables,,Cameras & NVR,25.00,USB cables that connect the G4 Doorbell Pro or G4 Instant to a PoE source.,Oui,Non,https://eu.store.ui.com/eu/en/category/accessories-camera/collections/camera-poe-to-usb-c-cables
Product Collection,Instant Camera Covers,,Cameras & NVR,10.00,Customized encasing for UniFi Instant cameras.,Oui,Non,https://eu.store.ui.com/eu/en/category/accessories-camera/collections/instant-camera-covers
Product Collection,AI Theta Accessories,,Cameras & NVR,17.00,Installation accessories for AI Theta camera security systems.,Oui,Non,https://eu.store.ui.com/eu/en/category/accessories-camera/collections/ai-theta-accessories
UACC-USL-ANT-HG,SuperLink High-Gain Antenna,,Cameras & NVR,44.00,"High-gain, omnidirectional antenna with an IP67-rated outdoor enclosure, built to extend SuperLink range in all weather conditions.",Oui,Non,https://eu.store.ui.com/eu/en/category/cameras-superlink-sensors/products/uacc-usl-ant-hg
UVC-G6-Edge-Turret,G6 Edge Turret,,Cameras & NVR,32026,"All-weather, tamper-resistant 4K PoE+ camera that supports standalone operation (no NVR required), integrated AI-powered search, 2.36x optical zoom, and a large 1/1.2"" CMOS sensor for exceptional low-light clarity and long-range IR night vision.",Oui,Non,https://eu.store.ui.com/eu/en/category/cameras-dome-turret/products/uvc-g6-edge-turret
UVC-G6-Edge-Dome,G6 Edge Dome,,Cameras & NVR,32026,"All-weather, vandal-proof 4K PoE+ camera that supports standalone operation (no NVR required), integrated AI-powered search, 2.36x optical zoom, and a large 1/1.2"" CMOS sensor for exceptional low-light clarity and long-range IR night vision.",Oui,Non,https://eu.store.ui.com/eu/en/category/cameras-dome-turret/products/uvc-g6-edge-dome
UVC-G6-Edge-Bullet,G6 Edge Bullet,,Cameras & NVR,32026,"All-weather, 4K PoE+ camera that supports standalone operation (no NVR required), integrated AI-powered search, 2.36x optical zoom, and a large 1/1.2"" CMOS sensor for exceptional low-light clarity and long-range IR night vision.",Oui,Non,https://eu.store.ui.com/eu/en/category/cameras-bullet/products/uvc-g6-edge-bullet
ENVR-Core,Enterprise NVR Core,,Door Access,4499.00,"3U UniFi Protect NVR with 16-bay support for 2.5""/3.5"" HDDs/SSDs, up to (300) 4K or (500) Full HD cameras, hot-swappable power supplies and optional 16-bay storage expansion units.",Oui,Non,https://eu.store.ui.com/eu/en/category/door-access-nvrs/products/envr-core
ENVR,Enterprise NVR,,Door Access,1829.00,"3U NVR with (16) 2.5/3.5” drive bays, supporting up to (70) 4K cameras or (210) Full HD cameras.",Oui,Non,https://eu.store.ui.com/eu/en/category/door-access-nvrs/products/envr
UNVR-G2-Pro,Network Video Recorder G2 Pro,,Door Access,899.00,"2U UniFi Protect NVR with built-in AI event analytics, HDMI output, eight 2.5”/3.5” HDD bays, and support for up to (50) 4K or (100) Full HD cameras.",Oui,Non,https://eu.store.ui.com/eu/en/category/door-access-nvrs/products/unvr-g2-pro
UNVR-G2,Network Video Recorder G2,,Door Access,629.00,"1U UniFi Protect NVR with built-in AI event analytics, HDMI output, four 2.5”/3.5” HDD bays, and support for up to (30) 4K or (60) Full HD cameras.",Oui,Non,https://eu.store.ui.com/eu/en/category/door-access-nvrs/products/unvr-g2
UNVR-Pro,Network Video Recorder Pro,,Door Access,449.00,"A 2U-sized video recorder with (7) 2.5/3.5"" HDD bays that can provide up to 60 days of storage for (24) 4K cameras or (70) Full HD cameras.",Oui,Non,https://eu.store.ui.com/eu/en/category/door-access-nvrs/products/unvr-pro
UNVR,Network Video Recorder,,Door Access,269.00,"A video recorder with (4) 2.5/3.5"" HDD bays that can support up to 30 days of storage for (18) 4K cameras or (60) Full HD cameras.",Oui,Non,https://eu.store.ui.com/eu/en/category/door-access-nvrs/products/unvr
UNVR-Instant,Network Video Recorder Instant,,Door Access,179.00,"Compact UniFi Protect NVR with 3.5"" HDD support, featuring an integrated PoE switch.",Oui,Non,https://eu.store.ui.com/eu/en/category/all-door-access/collections/unvr-instant
Product Collection,G6 Entry,,Door Access,340.00,"All-weather, PoE+ Doorbell with enhanced AI detections and integrated Access Reader capabilities.",Oui,Non,https://eu.store.ui.com/eu/en/category/all-door-access/collections/doorbell-entry
Product Collection,Reader Pro,,Door Access,325.00,Indoor/outdoor NFC reader and intercom.,Oui,Non,https://eu.store.ui.com/eu/en/category/door-access-readers/collections/access-reader-pro
UA-G3-Flex-B,Reader Flex,,Door Access,160.00,Third-generation NFC card reader with a keypad and Touch Pass support.,Oui,Non,https://eu.store.ui.com/eu/en/category/door-access-readers/products/ua-g3-flex
Product Collection,Reader,,Door Access,125.00,Compact NFC reader and request-to-exit device that supports hand-wave door unlocking.,Oui,Non,https://eu.store.ui.com/eu/en/category/door-access-readers/collections/access-reader
UA-Retrofit-Reader-B,Retrofit Reader,,Door Access,145.00,"Indoor/outdoor OSDP reader with NFC Card and Touch Pass support, compatible with the UniFi Retrofit Hub using existing cabling.",Oui,Non,https://eu.store.ui.com/eu/en/category/door-access-readers/products/ua-retrofit-reader
Product Collection,Intercom,,Door Access,340.00,Indoor/outdoor intercom terminal for managing residential and commercial building entry requests.,Oui,Non,https://eu.store.ui.com/eu/en/category/door-access-readers/collections/access-intercom
EAH-8,Enterprise Access Hub,,Door Access,925.00,Enterprise-grade access hub with entry and exit control up to eight doors and battery backup support.,Oui,Non,https://eu.store.ui.com/eu/en/category/door-access-hub/products/eah-8
UA-Retrofit-Hub-2,Retrofit Hub,,Door Access,205.00,DC-powered hub that supports Wiegand and OSDP readers and provides entry and exit control for up to two doors.,Oui,Non,https://eu.store.ui.com/eu/en/category/door-access-hub/products/ua-retrofit-hub-2
UA-Hub-Door,Door Hub,,Door Access,179.00,A single-door mechanism that provides complete entry and exit control via connected Access Readers.,Oui,Non,https://eu.store.ui.com/eu/en/category/door-access-hub/products/ua-hub-door
UA-Hub-Door-Mini,Door Hub Mini,,Door Access,99.00,Compact Access Control Hub for a single door.,Oui,Non,https://eu.store.ui.com/eu/en/category/door-access-hub/products/ua-hub-door-mini
UA-Hub-Gate,Gate Hub,,Door Access,250.00,An advanced Gate Hub enabling seamless gate access control via connected Access readers or Intercom.,Oui,Non,https://eu.store.ui.com/eu/en/category/door-access-hub/products/ua-hub-gate
Product Collection,Door Starter Kit Pro,,Door Access,510.00,"Hit the ground running with Access, featuring a professional experience for a door with two readers.",Oui,Non,https://eu.store.ui.com/eu/en/category/door-access-starter-kit/collections/access-starter-kit-pro
Product Collection,Door Starter Kit,,Door Access,250.00,A quick start for Access with all you need for a single door with one reader.,Oui,Non,https://eu.store.ui.com/eu/en/category/door-access-starter-kit/collections/access-starter-kit
Product Collection,Gate Starter Kit,,Door Access,610.00,Control a vehicle gate using the connected Intercom and authorize gate access with License Plate Unlock when paired with a compatible Protect AI camera.,Oui,Non,https://eu.store.ui.com/eu/en/category/door-access-readers/collections/gate-access-starter-kit
UA-SK-Elevator,Elevator Starter Kit,,Door Access,829.00,Connects to in-elevator readers with PoE to authorize floor selection. Supports up to 18 floors with digital inputs for elevator car status and emergency.,Oui,Non,https://eu.store.ui.com/eu/en/category/door-access-starter-kit/products/ua-sk-elevator
UA-Card-B-10,Access Card,,Door Access,25.00,A pack of highly-secure NFC cards used for access control within UniFi.,Oui,Non,https://eu.store.ui.com/eu/en/category/door-access-accessories/products/ua-card
UA-Ultra,Access Ultra,,Door Access,90.00,"An access reader with a built-in hub for complete, single-door entry control from one device.",Oui,Non,https://eu.store.ui.com/eu/en/category/door-access-hub/products/ua-ultra
UA-Intercom-Viewer,Intercom Viewer,,Door Access,139.00,Display that works with Intercom and Reader Pro for visitor screening and remote access control.,Oui,Non,https://eu.store.ui.com/eu/en/category/door-access-intercoms/products/ua-intercom-viewer
UACC-Retrofit-PoE-2Wire,PoE Over 2-Wire Retrofit Extender,,Door Access,89.00,"A pair of extenders that extends PoE over twisted-pair or coaxial cables, ideal for retrofit scenarios.",Oui,Non,https://eu.store.ui.com/eu/en/category/door-access-accessories/products/uacc-retrofit-poe-2wire
UACC-Reader-JB-B,Reader Junction Box,,Door Access,29.00,"Junction box for UniFi Access Readers and Intercom Viewers that support flat surface mounting and attachment to 3/4"" conduit.",Oui,Non,https://eu.store.ui.com/eu/en/category/door-access-accessories/products/uacc-reader-jb
UACC-Reader-Pro-JB-B,Reader Pro Junction Box,,Door Access,29.00,"Junction box for UniFi Professional Access Readers and Doorbells that supports flat surface mounting and attachment to 3/4"" conduit.",Oui,Non,https://eu.store.ui.com/eu/en/category/door-access-accessories/products/uacc-reader-pro-jb
UACC-Reader-Pro-AM-B,Reader Pro Angle Mount,,Door Access,29.00,Angled mounting accessory for UniFi Professional Access Readers.,Oui,Non,https://eu.store.ui.com/eu/en/category/door-access-accessories/products/uacc-reader-pro-am
UACC-Intercom-SAM,Intercom Surface Angle Mount,,Door Access,45.00,UniFi Access Intercom surface angle mount accessory.,Oui,Non,https://eu.store.ui.com/eu/en/category/door-access-accessories/products/uacc-intercom-sam
UACC-Intercom-FM,Intercom Flush Mount,,Door Access,45.00,UniFi Access Intercom flush mount accessory.,Non,Oui,https://eu.store.ui.com/eu/en/category/door-access-accessories/products/uacc-intercom-fm
UACC-Intercom-Sunshield,Intercom Sunshield,,Door Access,45.00,UniFi Access Intercom sunshield accessory.,Non,Oui,https://eu.store.ui.com/eu/en/category/door-access-accessories/products/uacc-intercom-sunshield
UACC-Intercom-WM,Intercom Wedge Mount,,Door Access,44.00,20° inward angle mounting accessory for Intercom that provides an enhanced camera viewing angle.,Oui,Non,https://eu.store.ui.com/eu/en/category/door-access-accessories/products/uacc-intercom-wm
UACC-Intercom-Viewer-TS,Intercom Viewer Table Stand,,Door Access,25.00,Metal table stand for Intercom Viewer.,Oui,Non,https://eu.store.ui.com/eu/en/category/door-access-accessories/products/uacc-intercom-viewer-ts
UACC-Junction-Utility,Junction Utility,,Door Access,105.00,"An indoor/outdoor enclosure designed for UniFi Access Hubs, switches, and accessories.",Non,Oui,https://eu.store.ui.com/eu/en/category/door-access-accessories/products/uacc-junction-utility
UACC-Retrofit-PSU-12V,Retrofit PSU 12V,,Door Access,70.00,"12V power supply with optional SLA backup battery support, compatible with the UniFi Retrofit Hub.",Oui,Non,https://eu.store.ui.com/eu/en/category/door-access-accessories/products/uacc-retrofit-psu-12v
UA-Button,Access Button,,Door Access,35.00,Push-to-exit button designed for UniFi Access Hubs.,Oui,Non,https://eu.store.ui.com/eu/en/category/door-access-accessories/products/ua-button
UACC-DoorCloser,Door Closer,,Door Access,115.00,A mechanical door closer that ensures controlled closure for safety and convenience.,Oui,Non,https://eu.store.ui.com/eu/en/category/door-access-accessories/products/uacc-doorcloser-eu
UACC-PanicBar,Panic Bar,,Door Access,359.00,"A single-latched bar installed on emergency exit doors, allowing quick and easy egress by pushing the bar to open the door during emergencies.",Oui,Non,https://eu.store.ui.com/eu/en/category/door-access-accessories/products/uacc-panicbar
UACC-Lock-Magnetic-270kg,Magnetic Lock,,Door Access,135.00,Fail-safe magnetic lock for inswing and outswing doors that connects to a UniFi Access Hub.,Oui,Non,https://eu.store.ui.com/eu/en/category/door-access-accessories/products/ua-lock-magnetic
Product Collection,Electric Locks,,Door Access,80.00,Electromechanical door locks designed for secure access control. Supports fail-safe and fail-secure operation across strike and bolt lock form factors.,Oui,Non,https://eu.store.ui.com/eu/en/category/all-door-access/collections/accessories-door-access-electric-locks
UACC-Cable-DoorLockRelay-1P,Door Lock Relay Cable,,Door Access,115.00,"A 500-foot (152.4 m) spool of one or two-pair, low-voltage cable.",Oui,Non,https://eu.store.ui.com/eu/en/category/door-access-accessories/products/uacc-cable-doorlockrelay
UA-Pocket,"Pocket Keyfob, 10-Pack",,Door Access,89.00,A pack of (10) highly-secure NFC keyfobs used for access control within UniFi.,Oui,Non,https://eu.store.ui.com/eu/en/category/door-access-accessories/products/ua-pocket
UA-Rescue,Access Rescue KeySwitch,,Door Access,70.00,Keyed emergency override for your Access Hub.,Oui,Non,https://eu.store.ui.com/eu/en/category/door-access-accessories/products/ua-rescue
UNAS-Pro-8,UNAS Pro 8,,Integrations,761.00,"2U rack-mount NAS with (8) 2.5/3.5"" HDD bays and (2) M.2 NVMe SSD cache slots, delivering faster access, lower latency, and high-availability 10 Gbps networking for large-scale file storage and sharing.",Oui,Non,https://eu.store.ui.com/eu/en/category/network-storage/products/unas-pro-8
UNAS-Pro-4,UNAS Pro 4,,Integrations,475.00,"1U rack-mount NAS with (4) 2.5/3.5"" HDD bays and (2) M.2 NVMe SSD cache slots, delivering faster access, lower latency, and high-availability 10 Gbps networking for large-scale file storage and sharing.",Oui,Non,https://eu.store.ui.com/eu/en/category/network-storage/products/unas-pro-4
UNAS-Pro,UNAS Pro,,Integrations,475.00,"2U rack-mount NAS with (7) 2.5/3.5"" drive bays and 10 Gbps performance designed for large-scale file storage and sharing.",Oui,Non,https://eu.store.ui.com/eu/en/category/network-storage/products/unas-pro
UNAS-4,UNAS 4,,Integrations,340.00,"UniFi Network Attached Storage with (4) 2.5/3.5"" HDD bays, (2) M.2 NVMe SSD cache slots, 2.5 GbE networking, USB-C connectivity, and an included PoE+++ adapter, all in a compact footprint.",Non,Oui,https://eu.store.ui.com/eu/en/category/network-storage/products/unas-4
UNAS-2-B,UNAS 2,,Integrations,189.00,"UniFi Network Attached Storage with (2) 3.5"" HDD bays, 2.5 GbE networking, USB-C connectivity, and an included PoE++ adapter, all in a compact footprint.",Oui,Non,https://eu.store.ui.com/eu/en/category/network-storage/products/unas-2
UPS-2U,UniFi UPS 2U,,Integrations,250.00,"UniFi managed 1.5kVA rackmount uninterruptible power supply with 4 backup and 4 surge outlets, a field replaceable battery, 216Wh, half load (500W) runtime of 8 minutes. Supports Graceful Shutdown for UNVR and UNAS, NUT compatibility for 3-party devices.",Non,Oui,https://eu.store.ui.com/eu/en/category/integrations-power-tech/collections/unifi-power-tech-ups/products/ups-2u-eu
UPS-Tower,UniFi UPS Tower,,Integrations,145.00,"UniFi managed 1kVA uninterruptible power supply with 5 backup outlets 5 surge outlets and hot swappable battery, 108Wh, half load (300W) runtime of 7 minutes. Supports Graceful Shutdown for UNVR and UNAS, NUT compatibility for third-party devices.",Oui,Non,https://eu.store.ui.com/eu/en/category/integrations-power-tech/products/ups-tower-eu
USW-Mission-Critical (120W),UPS PoE Switch,,Integrations,979.00,A switch with an integrated 368Wh lithium-ion battery capable of providing uninterruptible PoE to 8 devices.,Oui,Non,https://eu.store.ui.com/eu/en/category/integrations-power-tech/products/usw-mission-critical-eu
USP-RPS,Redundant Power,,Integrations,380.00,950W redundant power supply for rack-mounted UniFi devices.,Oui,Non,https://eu.store.ui.com/eu/en/category/integrations-power-tech/products/usp-rps
U5G-Max,UniFi 5G Max,,Integrations,359.00,"A high-performance 5G (3.4 Gbps) modem for any Unifi deployment. Instantly adopt through any UniFi PoE port, it delivers automatic setup, dual SIM/eSIM, and seamless failover.",Oui,Non,https://eu.store.ui.com/eu/en/category/internet-solutions/collections/unifi-5g-max/products/u5g-max-eu
U5G-Max-Outdoor,UniFi 5G Max Outdoor,,Integrations,359.00,"A full-performance 5G (3.4 Gbps) modem for UniFi consoles and Cloud Gateways, designed for outdoor use with directional antennas, remote SIM, and dual SIM for seamless failover.",Non,Oui,https://eu.store.ui.com/eu/en/category/internet-solutions/collections/unifi-5g-max/products/u5g-max-outdoor-eu
UMR-Industrial,Mobile Router Industrial,,Integrations,185.00,"Compact, ruggedized, and carrier unlocked LTE Cat 4 mobile WiFi router designed for indoor/outdoor IoT applications.",Oui,Non,https://eu.store.ui.com/eu/en/category/internet-solutions/collections/unifi-mobile-routing/products/umr-industrial-eu
UMR-Ultra,Mobile Router Ultra,,Integrations,89.00,"Ultra-compact managed LTE mobile router for IoT applications with integrated LTE, wired WAN, WiFi, automatic failover, and DC power input support.",Oui,Non,https://eu.store.ui.com/eu/en/category/internet-solutions/collections/unifi-mobile-routing/products/umr-ultra-eu
UMR,Mobile Router,,Integrations,179.00,Managed mobile WiFi router that brings plug-and-play connectivity to any environment. Bring your own nano-SIM for LTE data.,Non,Oui,https://eu.store.ui.com/eu/en/category/internet-solutions/collections/unifi-mobile-routing/products/umr-eu
U-LTE-Backup Pro,LTE Backup Pro,,Integrations,240.00,Seamless internet failover for UniFi gateways. Bring your own SIM for LTE data.,Non,Oui,https://eu.store.ui.com/eu/en/category/internet-solutions/collections/unifi-lte-backup/products/u-lte-pro
U5G,UniFi 5G Backup,,Integrations,89.00,Compact PoE-powered 5G RedCap antenna system with versatile mounting that plugs into any UniFi PoE port to provide automatic internet backup.,Oui,Non,https://eu.store.ui.com/eu/en/category/internet-solutions/products/u5g
UTP-G3-Touch-Enterprise,G3 Touch Enterprise,,Integrations,269.00,"Next-generation premium desktop smartphone for UniFi Talk, featuring a 7"" touch display and seamless integration with UniFi applications.",Oui,Non,https://eu.store.ui.com/eu/en/category/managed-voip/collections/unifi-new-integrations-phone-executive/products/utp-g3-touch-enterprise
UTP-G3-Touch-Pro,G3 Touch Pro,,Integrations,179.00,"Next-generation desktop smartphone for UniFi Talk, featuring a 5"" touch display and seamless integration with UniFi applications.",Oui,Non,https://eu.store.ui.com/eu/en/category/managed-voip/collections/unifi-new-integrations-phone-compact/products/utp-g3-touch-pro
UTP-G3-Touch-Wall,G3 Touch Wall,,Integrations,359.00,"Next-generation wall-mountable smartphone for UniFi Talk, featuring a 7"" touch display and seamless integration with UniFi applications.",Oui,Non,https://eu.store.ui.com/eu/en/category/managed-voip/products/utp-g3-touch-wall
UTP-TouchMax,G2 Touch Max,,Integrations,259.00,Premium desktop smartphone that delivers the ultimate user experience.,Oui,Non,https://eu.store.ui.com/eu/en/category/managed-voip/collections/unifi-new-integrations-phone-executive/products/utp-touchmax-u
UTP-Touch,G2 Touch,,Integrations,179.00,Versatile desktop smartphone that eliminates the learning curve.,Oui,Non,https://eu.store.ui.com/eu/en/category/managed-voip/collections/unifi-new-integrations-phone-compact/products/utp-touch
UT-G3-Handset,G3 Wireless Handset,,Integrations,89.00,"Wireless handset which supports clear, high-quality audio for G3 Touch Phones.",Oui,Non,https://eu.store.ui.com/eu/en/category/managed-voip/products/ut-g3-handset
EAV-Bridge,Enterprise Audio/Video Bridge,,Integrations,269.00,PoE+ powered AV-over-IP transceiver that bridges 4K60 HDMI and professional XLR audio as either a source or destination.,Oui,Non,https://eu.store.ui.com/eu/en/category/premium-iot/products/eav-bridge
UPL-Amp-W,PowerAmp,,Integrations,569.00,Premium speaker amplifier designed for high-fidelity multi-zone audio streaming and immersive spatial sound experiences.,Oui,Non,https://eu.store.ui.com/eu/en/category/premium-iot/products/upl-amp
UPL-Port-B,PoE Audio Port,,Integrations,179.00,"A digital audio streamer with an ultra-compact, versatile design and an intuitive control system, supporting multiple music streaming services and scalable multi-zone installations.",Oui,Non,https://eu.store.ui.com/eu/en/category/premium-iot/products/upl-port
UC-Display,Connect Display,,Integrations,629.00,"21.5"" Full HD PoE++ touchscreen designed for interactive digital signage applications.",Oui,Non,https://eu.store.ui.com/eu/en/category/premium-iot/products/uc-display21
UC-Cast-Pro,Display Cast Pro,,Integrations,250.00,"Managed digital signage player for HDMI displays with media content playback, web mode, and USB-C peripheral support.",Oui,Non,https://eu.store.ui.com/eu/en/category/premium-iot/products/uc-cast-pro
UC-Cast-Lite,Display Cast Lite,,Integrations,160.00,Digital signage player designed for media playback on HDMI displays.,Oui,Non,https://eu.store.ui.com/eu/en/category/premium-iot/products/uc-cast-lite
Official UniFi Hosting,Official UniFi Hosting,,Advanced Hosting,29.00,Scalably deploy and manage UniFi Network devices.,Oui,Non,https://eu.store.ui.com/eu/en/category/advanced-hosting-other/products/unifi-hosting
UXG-Enterprise,Gateway Enterprise,,Advanced Hosting,1979.00,"25G independent gateway with multi-WAN load balancing, 12.5 Gbps IPS routing, and redundant hot-swap PSUs.",Oui,Non,https://eu.store.ui.com/eu/en/category/advanced-hosting-other/products/uxg-enterprise
UXG-Fiber (30W),Gateway Fiber,,Advanced Hosting,284.00,Desktop 10G independent gateway with integrated 4-port 2.5 GbE switch.,Oui,Non,https://eu.store.ui.com/eu/en/category/advanced-hosting-other/products/uxg-fiber
UXG-Lite,Gateway Lite,,Advanced Hosting,127.00,Compact independent gateway with a full suite of advanced routing and security features.,Oui,Non,https://eu.store.ui.com/eu/en/category/advanced-hosting-other/products/uxg-lite
UXG-Max,Gateway Max,,Advanced Hosting,189.00,"Compact, multi-WAN independent gateway with full 2.5G support for high-performance networking at small-to-medium sites.",Oui,Non,https://eu.store.ui.com/eu/en/category/advanced-hosting-other/products/uxg-max
UXG-Pro,Gateway Pro,,Advanced Hosting,475.00,10G multi-WAN independent gateway with UniFi Power Backup support designed to protect large-scale networks.,Oui,Non,https://eu.store.ui.com/eu/en/category/advanced-hosting-other/products/uxg-pro
CK-Enterprise,CloudKey Enterprise,,Advanced Hosting,4870.00,A UniFi Console designed for managing massive-scale UniFi Networks.,Oui,Non,https://eu.store.ui.com/eu/en/category/advanced-hosting-other/products/cloud-key-enterprise
UCK-G2-SSD,CloudKey+,,Advanced Hosting,238.00,"Compact UniFi Console that connects directly to the Site Manager at https://unifi.ui.com/ for powerful, multi-application site management.",Oui,Non,https://eu.store.ui.com/eu/en/category/advanced-hosting-other/products/uck-g2-ssd
U-Cable-Patch-RJ45,"UniFi Patch Cable
GbE",,Acc. Cables & DACs,1.80,"Ultra-thin patch cable with GbE support and flexible, bendable boots for enhanced installation versatility.",Oui,Non,https://eu.store.ui.com/eu/en/category/accessories-cables-dacs/collections/accessories-pro-patch-cables/products/unifi-ethernet-patch-cable-with-bendable-booted-rj45
UACC-Cable-Patch-EL-0.15M-W,"UniFi Etherlighting Patch Cable
1/2.5/5/10 GbE",,Acc. Cables & DACs,3.50,"Nano-thin patch cable with 10 GbE support, designed to showcase Etherlighting™ effects.",Oui,Non,https://eu.store.ui.com/eu/en/category/accessories-cables-dacs/collections/accessories-pro-patch-cables/products/uacc-cable-patch-el
UACC-Cable-Patch-EL-C6A-0.15M-W,"UniFi Premium Patch Cable
1/2.5/5/10 GbE
Braided",,Acc. Cables & DACs,4.50,"Ultra-thin braided patch cable, designed and optimized for 10 GbE networking.",Oui,Non,https://eu.store.ui.com/eu/en/category/accessories-cables-dacs/collections/accessories-pro-patch-cables/products/uacc-cable-patch-el-c6a
U-Cable-C6-CMR,UniFi Indoor Cable Cat6 CMR,,Acc. Cables & DACs,160.00,"Category 6 Ethernet cable for high-speed, indoor deployments",Oui,Non,https://eu.store.ui.com/eu/en/category/accessories-cables-dacs/collections/accessories-pro-box-cables/products/u-cable-c6-cmr
UACC-Adapter-RJ45-USBC-5GE,5G Ethernet Adapter,,Acc. Cables & DACs,44.00,"Plug-and-play, Ethernet adapter with USB-C for seamless 5GbE network connectivity.",Oui,Non,https://eu.store.ui.com/eu/en/category/accessories-cables-dacs/collections/pro-store-ethernet-adapter/products/uacc-adapter-rj45-usbc-5ge
UACC-RJ45-Coupler-C6A,"RJ45 Inline Coupler Indoor, 10-Pack",,Acc. Cables & DACs,26.00,"Compact, inline RJ45 coupler with shielding for ethernet cable extension.",Oui,Non,https://eu.store.ui.com/eu/en/category/accessories-cables-dacs/collections/accessories-rj45-inline-coupler/products/uacc-rj45-coupler-c6a
UACC-Cable-Extender-C6A,"Easy Cable, 2-Pack",,Acc. Cables & DACs,17.00,"Shielded, ultra-thin extension cable with waterproof cap, designed for tight spaces and last inch reach installations.",Oui,Non,https://eu.store.ui.com/eu/en/category/accessories-cables-dacs/products/uacc-cable-extender-c6a
UACC-LRE,Long-Range Ethernet Repeater,,Acc. Cables & DACs,25.00,Long-range Gigabit Ethernet adapter that receives PoE/PoE+ and offers passthrough PoE output.,Oui,Non,https://eu.store.ui.com/eu/en/category/accessories-cables-dacs/products/uacc-lre
UACC-AE,Media Converter,,Acc. Cables & DACs,25.00,A fiber-to-copper media module that allows wireless equipment without SFP ports to support fiber uplinks up to 1 Gbps.,Oui,Non,https://eu.store.ui.com/eu/en/category/accessories-cables-dacs/collections/accessories-ethernet-repeater/products/uacc-ae
UACC-SFP-Wizard,SFP Wizard,,Acc. Modules Fiber,44.00,"Instantly reprogram, test, and unlock universal compatibility for every optical module — with full diagnostics and OTA updates built in.",Oui,Non,https://eu.store.ui.com/eu/en/category/accessories-modules-fiber/collections/accessories-pro-direct-attach-cables/products/uacc-sfp-wizard
UACC-Uplink-SFP28-0.15M,Uplink Cable,,Acc. Modules Fiber,27.00,"Direct attach cable with auto link optimization for seamless 1G SFP, 10G SFP+, and 25G SFP28 interconnects between UniFi devices.",Oui,Non,https://eu.store.ui.com/eu/en/category/accessories-modules-fiber/collections/accessories-pro-direct-attach-cables/products/uacc-uplink-sfp28
UACC-CM-RJ45-1G,SFP to RJ45 Adapter,,Acc. Modules Fiber,18.00,SFP to RJ45 transceiver that supports 1G connections up to 100 m.,Oui,Non,https://eu.store.ui.com/eu/en/category/accessories-modules-fiber/collections/accessories-pro-direct-attach-cables/products/rj45-to-sfp-module
UACC-OM-MM-1G-D,1G Multi-Mode Optical Module,,Acc. Modules Fiber,8.10,SFP transceiver that supports 1G connections up to 550 m using multi-mode fiber with a duplex LC UPC connector.,Oui,Non,https://eu.store.ui.com/eu/en/category/accessories-modules-fiber/collections/accessories-pro-multi-mode-optical-fiber/products/1-gbps-multi-mode-optical-module
UACC-OFC-M2-LULU-0.5M,OM4 Duplex LC UPC Fiber Patch Cable,,Acc. Modules Fiber,4.50,Indoor OM4 multi-mode fiber patch cable with duplex LC UPC connectors.,Oui,Non,https://eu.store.ui.com/eu/en/category/accessories-modules-fiber/collections/accessories-pro-multi-mode-optical-fiber/products/uacc-ofc-m2-lulu
UACC-OM-SM-1G-S-2,1G Bidirectional Single-Mode Optical Module,,Acc. Modules Fiber,2000,SFP transceiver that supports 1G connections up to 3 km using single-mode fiber with a simplex LC UPC connector.,Oui,Non,https://eu.store.ui.com/eu/en/category/accessories-modules-fiber/collections/accessories-pro-single-mode-optical-fiber/products/1-gbps-bidirectional-single-mode-optical-module
UACC-OFC-S2-LULU-0.5M,OS2 Duplex LC UPC Fiber Patch Cable,,Acc. Modules Fiber,4.30,Lightweight fiber patch cable for up to 100G connections.,Oui,Non,https://eu.store.ui.com/eu/en/category/accessories-modules-fiber/collections/accessories-pro-single-mode-optical-fiber/products/uacc-ofc-s2-lulu
UACC-OM-QSFP28-SR4,100G SR4 Multi-Mode Optical Module,,Acc. Modules Fiber,60.00,QSFP28 transceiver that supports 100G connections up to 100 m using multi-mode fiber with an MPO-12 Type B UPC connector.,Oui,Non,https://eu.store.ui.com/eu/en/category/accessories-modules-fiber/collections/accessories-pro-single-mode-optical-fiber/products/uacc-om-qsfp28-sr4
UACC-CWDM-4,CWDM Mux Demux 4,,Acc. Modules Fiber,185.00,Rack-mountable 4-channel 1270 to 1330 nm CWDM mux demux designed to increase capacity of existing fiber infrastructure.,Oui,Non,https://eu.store.ui.com/eu/en/category/accessories-modules-fiber/collections/accessories-pro-cwdm/products/uacc-cwdm-4
UACC-OM-SFP10-1270,10G CWDM Single-Mode Optical Module,,Acc. Modules Fiber,89.00,SFP+ transceiver for CWDM that supports 10G connections up to 20 km using single-mode fiber with a duplex LC UPC connector.,Oui,Non,https://eu.store.ui.com/eu/en/category/accessories-modules-fiber/collections/accessories-pro-cwdm/products/uacc-om-sfp10
F-POE-G2,Optical Data Transport,,Acc. Modules Fiber,25.00,Connects remote PoE devices and provides data and power using fiber and DC cabling.,Oui,Non,https://eu.store.ui.com/eu/en/category/accessories-modules-fiber/products/optical-data-transport-for-outdoor-poe-devices
UACC-SFP-Wizard,SFP Wizard,,Acc. SFP,44.00,"Instantly reprogram, test, and unlock universal compatibility for every optical module — with full diagnostics and OTA updates built in.",Oui,Non,https://eu.store.ui.com/eu/en/category/accessories-sfp-liberation-day/collections/accessories-pro-direct-attach-cables/products/uacc-sfp-wizard
UACC-OM-MM-10G-D,10G Multi-Mode Optical Module,,Acc. SFP,18.00,SFP+ transceiver that supports 10G connections up to 300 m using multi-mode fiber with a duplex LC UPC connector.,Oui,Non,https://eu.store.ui.com/eu/en/category/accessories-sfp-liberation-day/collections/accessories-pro-multi-mode-optical-fiber/products/10-gbps-multi-mode-optical-module
UACC-OM-SFP28-SR,25G Multi-Mode Optical Module,,Acc. SFP,45.00,SFP28 transceiver that supports 25G connections up to 100 m using multi-mode fiber with a duplex LC UPC connector.,Oui,Non,https://eu.store.ui.com/eu/en/category/accessories-sfp-liberation-day/collections/accessories-pro-multi-mode-optical-fiber/products/25gbps-multi-mode-optical-module
UACC-OM-QSFP28-SR4,100G SR4 Multi-Mode Optical Module,,Acc. SFP,60.00,QSFP28 transceiver that supports 100G connections up to 100 m using multi-mode fiber with an MPO-12 Type B UPC connector.,Oui,Non,https://eu.store.ui.com/eu/en/category/accessories-sfp-liberation-day/collections/accessories-pro-single-mode-optical-fiber/products/uacc-om-qsfp28-sr4
UACC-OM-SM-10G-D,10G Single-Mode Optical Module,,Acc. SFP,75.00,SFP+ transceiver that supports 10G connections up to 10 km using single-mode fiber with a duplex LC UPC connector.,Oui,Non,https://eu.store.ui.com/eu/en/category/accessories-sfp-liberation-day/collections/accessories-pro-single-mode-optical-fiber/products/uacc-om-sm-10g-d
UACC-OM-SFP28-LR,25G Single-Mode Optical Module,,Acc. SFP,105.00,SFP28 transceiver that supports 25G connections up to 10 km using single-mode fiber with a duplex LC UPC connector.,Oui,Non,https://eu.store.ui.com/eu/en/category/accessories-sfp-liberation-day/collections/accessories-pro-single-mode-optical-fiber/products/uacc-om-sfp28-lr
UACC-HDD-E-16TB,"Enterprise 3.5"" HDD, 16 TB",,Acc. Storage,405.00,"Enterprise-grade 3.5"" SATA hard drive ideal for storage-intensive UniFi camera security and NAS systems.",Oui,Non,https://eu.store.ui.com/eu/en/category/accessories-storage/collections/unifi-accessory-tech-hdd/products/uacc-hdd-e-16tb
MSD-128GB,microSD Card,,Acc. Storage,60.00,"A microSD card designed for ultra endurance, optimized for UniFi devices, providing local storage and edge recording capabilities.",Oui,Non,https://eu.store.ui.com/eu/en/category/accessories-storage/products/uacc-msd
UACC-SSD-2.5-1TB,"2.5"" SSD, 1 TB",,Acc. Storage,89.00,"2.5"" SATA solid-state drive designed for local storage of CloudKey+.",Oui,Non,https://eu.store.ui.com/eu/en/category/accessories-storage/products/uacc-ssd-2-5
U-Rack-6U-TL,Toolless Mini Rack,,Acc. Rack Mount,269.00,"Compact, stackable, and toolless 6U open-frame rack designed for UniFi rack-mount devices.*",Oui,Non,https://eu.store.ui.com/eu/en/category/accessories-rack-mount/products/toolless-mini-rack
UACC-Rack-Stacking-Kit,Toolless Mini Rack Stacking Kit,,Acc. Rack Mount,55.00,Easy-to-install accessory set that connects two Toolless Mini Racks to create a 12U network rack.,Non,Oui,https://eu.store.ui.com/eu/en/category/accessories-rack-mount/products/uacc-rack-stacking-kit
Product Collection,Toolless Mini Rack Shelf,,Acc. Rack Mount,45.00,Shelf accessory for installing non-rack-mountable devices in the toolless mini rack.,Oui,Non,https://eu.store.ui.com/eu/en/category/accessories-rack-mount/collections/rackmount-rack-shelf-tl
UACC-Rack-Panel-Vented-1U,Rack Mount OCD Panels,,Acc. Rack Mount,25.00,"Standalone insert that can be easily installed into an existing network equipment rack to create a clean, uniform aesthetic.",Oui,Non,https://eu.store.ui.com/eu/en/category/accessories-rack-mount/products/uacc-rack-panel-ocd
UACC-Rack-Panel-Patch-Blank-24,24-Port Blank Keystone Patch Panel,,Acc. Rack Mount,25.00,"Standalone insert that can be easily installed into an existing network equipment rack to create a clean, uniform aesthetic.",Non,Oui,https://eu.store.ui.com/eu/en/category/accessories-rack-mount/products/uacc-rack-panel-patch-blank-24
Product Collection,"Keystones, 12-Pack",,Acc. Rack Mount,26.00,Keystones for installation on a blank patch panel.,Oui,Non,https://eu.store.ui.com/eu/en/category/accessories-rack-mount/collections/rackmount-keystone
UACC-Keystone-Blank-Insert,"Keystone Blank Insert, 24-Pack",,Acc. Rack Mount,17.00,24-pack of snap-in inserts that cover unused ports on the UniFi 24-Port Blank Keystone Patch Panel while maintaining its aesthetic.,Oui,Non,https://eu.store.ui.com/eu/en/category/accessories-rack-mount/collections/rackmount-keystone-blank-insert/products/uacc-keystone-blank-insert
UACC-Keystone-Blank-Insert-TH,"Keystone Blank Insert Pass-Through, 12-Pack",,Acc. Rack Mount,17.00,Snap-in inserts designed to cover unused ports on a blank keystone patch panel while maintaining a clean and aesthetic appearance.,Oui,Non,https://eu.store.ui.com/eu/en/category/accessories-rack-mount/collections/rackmount-keystone-blank-insert/products/uacc-keystone-blank-insert-th
UACC-RJ45-Cover,"RJ45 Dust Cover, 24-Pack",,Acc. Rack Mount,17.00,24-pack of protective inserts that keep dust and debris out of unused RJ45 ports.,Oui,Non,https://eu.store.ui.com/eu/en/category/accessories-rack-mount/products/uacc-rj45-cover
Product Collection,42U Rack Cabinets,,Acc. Rack Mount,809.00,"Fully assembled floor rack with built-in fans, removable panels, and lockable casters, engineered for optimal airflow, heavy-duty stability, and easy equipment access.",Oui,Non,https://eu.store.ui.com/eu/en/category/accessories-rack-mount/collections/42u-rack-cabinets
Product Collection,12U Rack Cabinets,,Acc. Rack Mount,179.00,"Fully assembled wall-mount rack with built-in fans and removable panels, engineered for easy equipment access and space-efficient small-scale deployments.",Oui,Non,https://eu.store.ui.com/eu/en/category/accessories-rack-mount/collections/12u-rack-cabinets
Product Collection,Rack Cabinet Shelves,,Acc. Rack Mount,44.00,Rack cabinet shelves for installing non-rackmountable devices into racks.,Non,Oui,https://eu.store.ui.com/eu/en/category/accessories-rack-mount/collections/rackmount-rack-shelf
UACC-Rack-Shelf-CLV,Fixed Rack Shelf,,Acc. Rack Mount,44.00,"1U fixed cantilever shelf for mounting non-rackmount devices in standard 19"" racks.",Non,Oui,https://eu.store.ui.com/eu/en/category/accessories-rack-mount/products/uacc-rack-shelf-clv
Product Collection,Rack Cabinet Cable Management,,Acc. Rack Mount,26.00,Rack cabinet cable management for horizontal or vertical cable organization within the rack.,Non,Oui,https://eu.store.ui.com/eu/en/category/accessories-rack-mount/collections/rackmount-cable-manager
UACC-Rack-Rails-Slide,UniFi Sliding Rack Rails,,Acc. Rack Mount,70.00,"Adjustable sliding rails for UniFi rack-mount gear, designed for smooth sliding and flexible fit in 4-post racks.",Oui,Non,https://eu.store.ui.com/eu/en/category/accessories-rack-mount/products/uacc-rack-rails-slide
UACC-Rack-PM-Kit,"SnapMount Rack Kit, 20-Pack",,Acc. Rack Mount,45.00,1U snap-in inserts with two vertically aligned cage nuts designed to ensure uniform rack installations.,Oui,Non,https://eu.store.ui.com/eu/en/category/accessories-rack-mount/products/uacc-rack-pm-kit
UACC-Rack-Ear-1U,Rack Ear Kit,,Acc. Rack Mount,8.10,Replacement rack ears for UniFi 1U or 2U rack-mount devices with included SnapMount Rack inserts and screws.,Oui,Non,https://eu.store.ui.com/eu/en/category/accessories-rack-mount/products/uacc-rack-ear
CKG2-RM,CloudKey Rack Mount,,Acc. Rack Mount,89.00,"Mount your CloudKey or CloudKey+ into a 19"" rack.",Oui,Non,https://eu.store.ui.com/eu/en/category/accessories-rack-mount/products/ckg2-rack-mount
UACC-Pro-Max-16-RM,Pro Max 16 Rack Mount,,Acc. Rack Mount,45.00,1U rack-mount accessory for Pro Max 16 switches.,Non,Oui,https://eu.store.ui.com/eu/en/category/accessories-rack-mount/products/uacc-pro-max-16-rm
UACC-AI-Port-RM,AI Port Rack Mount,,Acc. Rack Mount,60.00,1U rack-mount accessory that supports up to six AI Ports.,Oui,Non,https://eu.store.ui.com/eu/en/category/accessories-rack-mount/products/uacc-ai-port-rm
UACC-AI-Key-RM,AI Key Rack Mount,,Acc. Rack Mount,70.00,1U rack-mount accessory that supports up to three AI Keys.,Oui,Non,https://eu.store.ui.com/eu/en/category/accessories-rack-mount/products/uacc-ai-key-rm
UACC-UCG-Industrial-RM,Cloud Gateway Industrial Rack Mount,,Acc. Rack Mount,60.00,Rack mount for the Cloud Gateway Industrial.,Oui,Non,https://eu.store.ui.com/eu/en/category/accessories-rack-mount/products/uacc-ucg-industrial-rm
UPS-2U,UniFi UPS 2U,,Acc. PoE & Power,250.00,"UniFi managed 1.5kVA rackmount uninterruptible power supply with 4 backup and 4 surge outlets, a field replaceable battery, 216Wh, half load (500W) runtime of 8 minutes. Supports Graceful Shutdown for UNVR and UNAS, NUT compatibility for 3-party devices.",Non,Oui,https://eu.store.ui.com/eu/en/category/accessories-poe-power/collections/unifi-power-tech-ups/products/ups-2u-eu
UPS-Tower,UniFi UPS Tower,,Acc. PoE & Power,145.00,"UniFi managed 1kVA uninterruptible power supply with 5 backup outlets 5 surge outlets and hot swappable battery, 108Wh, half load (300W) runtime of 7 minutes. Supports Graceful Shutdown for UNVR and UNAS, NUT compatibility for third-party devices.",Oui,Non,https://eu.store.ui.com/eu/en/category/accessories-poe-power/products/ups-tower-eu
USW-Mission-Critical (120W),UPS PoE Switch,,Acc. PoE & Power,979.00,A switch with an integrated 368Wh lithium-ion battery capable of providing uninterruptible PoE to 8 devices.,Oui,Non,https://eu.store.ui.com/eu/en/category/accessories-poe-power/products/usw-mission-critical-eu
USP-RPS,Redundant Power,,Acc. PoE & Power,380.00,950W redundant power supply for rack-mounted UniFi devices.,Oui,Non,https://eu.store.ui.com/eu/en/category/accessories-poe-power/products/usp-rps
Product Collection,PoE Adapters,,Acc. PoE & Power,7.00,"Power UniFi devices, reduce dependency on PoE switches, and provide a Multi-Gigabit LAN connection.",Oui,Non,https://eu.store.ui.com/eu/en/category/accessories-poe-power/collections/pro-store-poe-and-power-adapters
Product Collection,Ethernet Surge Protection,,Acc. PoE & Power,26.00,ESD protection for indoor high-speed networks.,Oui,Non,https://eu.store.ui.com/eu/en/category/accessories-poe-power/collections/pro-store-poe-and-power-surge-protection
Product Collection,Ethernet Surge Protection Outdoor,,Acc. PoE & Power,12.00,ESD protection for outdoor high-speed networks.,Oui,Non,https://eu.store.ui.com/eu/en/category/accessories-poe-power/collections/pro-store-poe-and-power-surge-protection-outdoor
Product Collection,Power Modules,,Acc. PoE & Power,109.00,AC/DC power modules for optional power redundancy in UniFi devices.,Oui,Non,https://eu.store.ui.com/eu/en/category/accessories-poe-power/collections/accessories-pro-poe-and-power-modules
UACC-PoE+-USBC,PoE Integrated AC Adapter,,Acc. PoE & Power,44.00,"AC adapter with integrated PoE+ that powers a UniFi Cloud Gateway via USB-C while delivering up to 30W PoE+ to a connected device—ideal for adding PoE output or supporting a UniFi 5G backup, with flexible wall, DIN rail, or floating mount options.",Oui,Non,https://eu.store.ui.com/eu/en/category/accessories-poe-power/products/uacc-poe-plus-usbc
UACC-Retrofit-PoE-2Wire,PoE Over 2-Wire Retrofit Extender,,Acc. PoE & Power,89.00,"A pair of extenders that extends PoE over twisted-pair or coaxial cables, ideal for retrofit scenarios.",Oui,Non,https://eu.store.ui.com/eu/en/category/accessories-poe-power/products/uacc-retrofit-poe-2wire
UACC-Adapter-AC-210W,AC Adapter 210W,,Acc. PoE & Power,70.00,An AC power adapter delivers 210W at 54V DC for a PoE switch.,Oui,Non,https://eu.store.ui.com/eu/en/category/accessories-poe-power/products/uacc-adapter-ac-210w
UACC-Adapter-PoE-USBC,PoE to USB-C Adapter,,Acc. PoE & Power,45.00,"Versatile adapter that provides power and connectivity to USB-C devices, including compatible Protect WiFi cameras.",Oui,Non,https://eu.store.ui.com/eu/en/category/accessories-poe-power/products/uacc-adapter-poe-usbc
USP-Cable,SmartPower Cable,,Acc. PoE & Power,25.00,A cable used to deliver redundant power from an associated SmartPower device.,Oui,Non,https://eu.store.ui.com/eu/en/category/accessories-poe-power/products/unifi-smartpower-cable
UACC-Cable-USB-100W-0.3M-BK,USB-C Cable with Charge Display,,Acc. PoE & Power,17.50,Braided power and data cable with a double-sided charge display.,Oui,Non,https://eu.store.ui.com/eu/en/category/accessories-poe-power/products/uacc-cable-usb-100w
UACC-Cable-C13-C14,C13-C14 Power Cable,,Acc. PoE & Power,17.00,"C13 to C14 braided power cable, 1.8 m, 10A/250V.",Oui,Non,https://eu.store.ui.com/eu/en/category/accessories-poe-power/products/uacc-cable-c13-c14
UACC-Cable-C14-SK-F,C14 Adapter Cable,,Acc. PoE & Power,3.60,Short IEC C14 power adapter cable with regional socket options.,Oui,Non,https://eu.store.ui.com/eu/en/category/accessories-poe-power/collections/c14-adapter-cable/products/uacc-cable-c14-sk-f
UACC-Cable-C14-SK-G,C14 Adapter Cable,,Acc. PoE & Power,3.60,Short IEC C14 power adapter cable with regional socket options.,Oui,Non,https://eu.store.ui.com/eu/en/category/accessories-poe-power/collections/c14-adapter-cable/products/uacc-cable-c14-sk-g
WM-W,WiFiMan Wizard,,Acc. Access Point,89.00,A portable spectrum analyzer designed for the WiFiMan iOS and Android mobile app.,Oui,Non,https://eu.store.ui.com/eu/en/category/accessories-access-point/products/wm-w
Product Collection,AP External Antennas,,Acc. Access Point,13.50,External antennas for UniFi WiFi access points that provide extended range coverage.,Oui,Non,https://eu.store.ui.com/eu/en/category/accessories-access-point/collections/accessories-pro-ap-external-antennas
Product Collection,U7 Pro Wall Mounts,,Acc. Access Point,35.00,Recessed wall and desktop deployment accessories for U7 Pro Wall.,Oui,Non,https://eu.store.ui.com/eu/en/category/accessories-access-point/collections/accessories-pro-ap-u7-pro-wall-mounts
Product Collection,Flagship AP Covers,,Acc. Access Point,35.00,Customizable protective covers for UniFi Flagship WiFi access points.,Oui,Non,https://eu.store.ui.com/eu/en/category/accessories-access-point/collections/accessories-pro-ap-flagship-covers
U-PRO-MP,Flagship AP Replacement Mounting System,,Acc. Access Point,8.00,Professional mounting system for UniFi access points.,Oui,Non,https://eu.store.ui.com/eu/en/category/accessories-access-point/products/unifi-professional-mounting-system
Product Collection,Flagship AP Arm Mounts,,Acc. Access Point,26.00,Wall mounts for UniFi Flagship WiFi access points.,Oui,Non,https://eu.store.ui.com/eu/en/category/accessories-access-point/collections/accessories-pro-ap-flagship-arm-mounts
nanoHD-RetroFit-3,Compact Flagship AP Retrofit Mount,,Acc. Access Point,25.00,"Retrofit mount for U6 Lite, U6+, and nanoHD.",Oui,Non,https://eu.store.ui.com/eu/en/category/accessories-access-point/collections/accessories-pro-ap-compact-flagship-mounts/products/nanohd-retrofit-3
nanoHD-RCM-3,Compact Flagship AP Recessed Ceiling Mount,,Acc. Access Point,45.00,"Recessed ceiling mount for U6 Lite, U6+, AC Lite and nanoHD.",Oui,Non,https://eu.store.ui.com/eu/en/category/accessories-access-point/collections/accessories-pro-ap-compact-flagship-mounts/products/nanohd-rcm-3
UACC-UK-Ultra-TS,Swiss Army Knife Table Stand,,Acc. Access Point,13.50,Table stand accessory for Swiss Army Knife Ultra.,Oui,Non,https://eu.store.ui.com/eu/en/category/accessories-access-point/products/uacc-uk-ultra-ts
FlexHD-CM-3,Mesh AP In-Ceiling Mount,,Acc. Access Point,45.00,Recessed ceiling mount for U6 Mesh and FlexHD.,Oui,Non,https://eu.store.ui.com/eu/en/category/accessories-access-point/products/flexhd-cm-3
Product Collection,Wall AP Covers,,Acc. Access Point,26.00,Customizable protective covers for wall-mounted UniFi WiFi access points.,Oui,Non,https://eu.store.ui.com/eu/en/category/accessories-access-point/collections/accessories-pro-ap-wall-ap-covers
UP-AI-Horn-Speaker-B,AI Horn Speaker,,Acc. Camera,269.00,"All-weather PoE 120 dB horn speaker with advanced AI alert functionality and versatile wall, corner, and pole mounting options.",Oui,Non,https://eu.store.ui.com/eu/en/category/accessories-camera/products/up-ai-horn-speaker
UP-FloodLight,Floodlight,,Acc. Camera,89.00,"Bright, motion-triggered light.",Oui,Non,https://eu.store.ui.com/eu/en/category/accessories-camera/products/up-floodlight
UACC-Adapter-PoE-USBC,PoE to USB-C Adapter,,Acc. Camera,45.00,"Versatile adapter that provides power and connectivity to USB-C devices, including compatible Protect WiFi cameras.",Oui,Non,https://eu.store.ui.com/eu/en/category/accessories-camera/products/uacc-adapter-poe-usbc
UACC-Bullet-AB-B,Bullet Camera Angled Base,,Acc. Camera,17.00,Bullet camera mounting accessory that enhances tilt angle by 22° to achieve an unrestricted viewing angle.,Oui,Non,https://eu.store.ui.com/eu/en/category/accessories-camera/products/uacc-bullet-ab
UACC-Camera-DM-B,Camera Dual Mount,,Acc. Camera,55.00,"Tamper-resistant, back-to-back mount for two UniFi Bullet, Dome, or Turret cameras that supports flat surface installation and attachment to 1 1/2"" NPS threaded conduit.",Oui,Non,https://eu.store.ui.com/eu/en/category/accessories-camera/products/uacc-camera-dm
UACC-GB-Plate-B,Gang Box Mounting Plate,,Acc. Camera,35.00,A mounting plate designed to interface UniFi Protect cameras with multiple types of Gang Boxes and Junction Boxes.,Oui,Non,https://eu.store.ui.com/eu/en/category/accessories-camera/products/uacc-gb-plate
UACC-G6-180-FM-B,G6 180 Camera Flush Mount,,Acc. Camera,26.00,G6 180 camera mounting accessory for recessed ceiling installation.,Oui,Non,https://eu.store.ui.com/eu/en/category/accessories-camera/products/uacc-g6-180-fm
UACC-G6-180-PM-B,G6 180 Camera Pendant Mount,,Acc. Camera,26.00,Pendant mount for suspending the G6 180 Camera from ceilings or overhead structures.,Oui,Non,https://eu.store.ui.com/eu/en/category/accessories-camera/products/uacc-g6-180-pm
UACC-AI-MS-4-AM-B,AI Multi Sensor 4 Camera Arm Mount,,Acc. Camera,179.00,"Versatile mounting kit enabling flat or angled installation of the AI Multi Sensor 4 camera via arm, pole, or corner mounts - ideal for various deployment environments.",Oui,Non,https://eu.store.ui.com/eu/en/category/accessories-camera/products/uacc-ai-ms-4-am
UA-Card-B-10,Access Card,,Acc. Door Access,25.00,A pack of highly-secure NFC cards used for access control within UniFi.,Oui,Non,https://eu.store.ui.com/eu/en/category/accessories-door-access/products/ua-card
UACC-Retrofit-PoE-2Wire,PoE Over 2-Wire Retrofit Extender,,Acc. Door Access,89.00,"A pair of extenders that extends PoE over twisted-pair or coaxial cables, ideal for retrofit scenarios.",Oui,Non,https://eu.store.ui.com/eu/en/category/accessories-door-access/products/uacc-retrofit-poe-2wire
UACC-Reader-JB-B,Reader Junction Box,,Acc. Door Access,29.00,"Junction box for UniFi Access Readers and Intercom Viewers that support flat surface mounting and attachment to 3/4"" conduit.",Oui,Non,https://eu.store.ui.com/eu/en/category/accessories-door-access/products/uacc-reader-jb
UACC-Reader-Pro-JB-B,Reader Pro Junction Box,,Acc. Door Access,29.00,"Junction box for UniFi Professional Access Readers and Doorbells that supports flat surface mounting and attachment to 3/4"" conduit.",Oui,Non,https://eu.store.ui.com/eu/en/category/accessories-door-access/products/uacc-reader-pro-jb
UACC-Reader-Pro-AM-B,Reader Pro Angle Mount,,Acc. Door Access,29.00,Angled mounting accessory for UniFi Professional Access Readers.,Oui,Non,https://eu.store.ui.com/eu/en/category/accessories-door-access/products/uacc-reader-pro-am
UACC-Intercom-SAM,Intercom Surface Angle Mount,,Acc. Door Access,45.00,UniFi Access Intercom surface angle mount accessory.,Oui,Non,https://eu.store.ui.com/eu/en/category/accessories-door-access/products/uacc-intercom-sam
UACC-Intercom-FM,Intercom Flush Mount,,Acc. Door Access,45.00,UniFi Access Intercom flush mount accessory.,Non,Oui,https://eu.store.ui.com/eu/en/category/accessories-door-access/products/uacc-intercom-fm
UACC-Intercom-Sunshield,Intercom Sunshield,,Acc. Door Access,45.00,UniFi Access Intercom sunshield accessory.,Non,Oui,https://eu.store.ui.com/eu/en/category/accessories-door-access/products/uacc-intercom-sunshield
UACC-Intercom-WM,Intercom Wedge Mount,,Acc. Door Access,44.00,20° inward angle mounting accessory for Intercom that provides an enhanced camera viewing angle.,Oui,Non,https://eu.store.ui.com/eu/en/category/accessories-door-access/products/uacc-intercom-wm
UACC-Intercom-Viewer-TS,Intercom Viewer Table Stand,,Acc. Door Access,25.00,Metal table stand for Intercom Viewer.,Oui,Non,https://eu.store.ui.com/eu/en/category/accessories-door-access/products/uacc-intercom-viewer-ts
UACC-Junction-Utility,Junction Utility,,Acc. Door Access,105.00,"An indoor/outdoor enclosure designed for UniFi Access Hubs, switches, and accessories.",Non,Oui,https://eu.store.ui.com/eu/en/category/accessories-door-access/products/uacc-junction-utility
UACC-Retrofit-PSU-12V,Retrofit PSU 12V,,Acc. Door Access,70.00,"12V power supply with optional SLA backup battery support, compatible with the UniFi Retrofit Hub.",Oui,Non,https://eu.store.ui.com/eu/en/category/accessories-door-access/products/uacc-retrofit-psu-12v
UA-Button,Access Button,,Acc. Door Access,35.00,Push-to-exit button designed for UniFi Access Hubs.,Oui,Non,https://eu.store.ui.com/eu/en/category/accessories-door-access/products/ua-button
UACC-DoorCloser,Door Closer,,Acc. Door Access,115.00,A mechanical door closer that ensures controlled closure for safety and convenience.,Oui,Non,https://eu.store.ui.com/eu/en/category/accessories-door-access/products/uacc-doorcloser-eu
UACC-PanicBar,Panic Bar,,Acc. Door Access,359.00,"A single-latched bar installed on emergency exit doors, allowing quick and easy egress by pushing the bar to open the door during emergencies.",Oui,Non,https://eu.store.ui.com/eu/en/category/accessories-door-access/products/uacc-panicbar
UACC-Lock-Magnetic-270kg,Magnetic Lock,,Acc. Door Access,135.00,Fail-safe magnetic lock for inswing and outswing doors that connects to a UniFi Access Hub.,Oui,Non,https://eu.store.ui.com/eu/en/category/accessories-door-access/products/ua-lock-magnetic
Product Collection,Electric Locks,,Acc. Door Access,80.00,Electromechanical door locks designed for secure access control. Supports fail-safe and fail-secure operation across strike and bolt lock form factors.,Oui,Non,https://eu.store.ui.com/eu/en/category/accessories-door-access/collections/accessories-door-access-electric-locks
UACC-Cable-DoorLockRelay-1P,Door Lock Relay Cable,,Acc. Door Access,115.00,"A 500-foot (152.4 m) spool of one or two-pair, low-voltage cable.",Oui,Non,https://eu.store.ui.com/eu/en/category/accessories-door-access/products/uacc-cable-doorlockrelay
UA-Pocket,"Pocket Keyfob, 10-Pack",,Acc. Door Access,89.00,A pack of (10) highly-secure NFC keyfobs used for access control within UniFi.,Oui,Non,https://eu.store.ui.com/eu/en/category/accessories-door-access/products/ua-pocket
UA-Rescue,Access Rescue KeySwitch,,Acc. Door Access,70.00,Keyed emergency override for your Access Hub.,Oui,Non,https://eu.store.ui.com/eu/en/category/accessories-door-access/products/ua-rescue
UACC-FM,Floating Mount,,Acc. Installations,25.00,Sleek magnetic wall mount for UniFi Express and Gateway Lite.,Oui,Non,https://eu.store.ui.com/eu/en/category/accessories-installations/collections/pro-store-floating-mount/products/uacc-fm
UACC-UTS,Universal Table Stand,,Acc. Installations,26.00,Weighted stand with adjustable clamp keeps non-rack UniFi devices upright on flat surfaces.,Oui,Non,https://eu.store.ui.com/eu/en/category/accessories-installations/collections/pro-store-table-stand/products/uacc-uts
UACC-Display-AM,Display Arm Mount,,Acc. Installations,269.00,Arm Mount for UniFi Connect Display.,Oui,Non,https://eu.store.ui.com/eu/en/category/accessories-installations/collections/pro-store-display-mounting/products/uacc-display-am
UACC-WP-Keystone-H-1P,"Universal Paintable Keystone Wall Plate, 4-Pack",,Acc. Installations,18.00,"Universal keystone wall plate with paintable cover for a clean, customizable finish.",Oui,Non,https://eu.store.ui.com/eu/en/category/accessories-installations/collections/universal-wall-plate/products/uacc-wp-keystone
UACC-CRB,Cable Raceway,,Acc. Installations,23.00,A protective raceway accessory for Dream Wall.,Oui,Non,https://eu.store.ui.com/eu/en/category/accessories-installations/products/uacc-cr
UACC-Cable-UHS-1M,Thin HDMI Cable,,Acc. Installations,17.00,Ultra-thin high-speed HDMI cable designed for professional A/V and camera streaming with Ubiquiti devices.,Oui,Non,https://eu.store.ui.com/eu/en/category/accessories-installations/products/uacc-cable-uhs
UACC-SSD-Tray,M.2 SSD Tray,,Acc. Installations,17.00,"Optional storage insert for Cloud Gateways and UNAS models that supports one 2230, 2242, 2260, 2280, or 22110 sized M.2 NVMe SSD.",Oui,Non,https://eu.store.ui.com/eu/en/category/accessories-installations/collections/drive-trays/products/uacc-ssd-tray
UACC-In-Wall-Speaker,In-Wall Speaker,,Acc. Installations,160.00,"6.5"" in-wall speakers that bring rich, room-filling sound to any space, seamlessly blending for an uncompromised listening experience.",Oui,Non,https://eu.store.ui.com/eu/en/category/accessories-installations/collections/speakers/products/uacc-in-wall-speaker
UACC-Cable-Speaker-150M,Audio Cable,,Acc. Installations,269.00,"Audio cable features an easy-to-strip jacket for quick installation, ensuring clear and consistent performance in every connection.",Oui,Non,https://eu.store.ui.com/eu/en/category/accessories-installations/products/uacc-cable-speaker-150m
UACC-ENVR-Bezel,Enterprise NVR Bezel,,Acc. Installations,269.00,"Faceplate that integrates with Enterprise Network Video Recorder to provide a 4.7"" touch display and LED illumination.",Oui,Non,https://eu.store.ui.com/eu/en/category/accessories-installations/products/uacc-envr-bezel
UACC-Fan-F2B-4020,Hot-Swappable Fan Module,,Acc. Installations,60.00,Hot-swappable fan module with front-to-back airflow.,Oui,Non,https://eu.store.ui.com/eu/en/category/accessories-installations/products/uacc-fan-4020
UACC-Switch-DIN,DIN Rail Mount,,Acc. Installations,8.50,DIN rail mount for UniFi compact switches.,Oui,Non,https://eu.store.ui.com/eu/en/category/accessories-installations/collections/pro-store-compact-switching-mounting/products/uacc-switch-din
UDM-Pro-Max,Dream Machine Pro Max,EU Version,Cloud Gateways,570.00,"10G Cloud Gateway with 200+ UniFi device / 2,000+ client support, 5 Gbps IPS routing, and redundant NVR storage.",Oui,Non,https://eu.store.ui.com/eu/en/category/cloud-gateways-large-scale/products/udm-pro-max?variant=udm-pro-max-eu
UDM-Pro-Max,Dream Machine Pro Max,UK Version,Cloud Gateways,570.00,"10G Cloud Gateway with 200+ UniFi device / 2,000+ client support, 5 Gbps IPS routing, and redundant NVR storage.",Oui,Non,https://eu.store.ui.com/eu/en/category/cloud-gateways-large-scale/products/udm-pro-max?variant=udm-pro-max-uk
UDM-Pro,Dream Machine Pro,EU Version,Cloud Gateways,360.00,"10G Cloud Gateway with 100+ UniFi device / 1,000+ client support and 3.5 Gbps IPS routing.",Oui,Non,https://eu.store.ui.com/eu/en/category/cloud-gateways-large-scale/products/udm-pro?variant=udm-pro-eu
UDM-Pro,Dream Machine Pro,UK Version,Cloud Gateways,360.00,"10G Cloud Gateway with 100+ UniFi device / 1,000+ client support and 3.5 Gbps IPS routing.",Oui,Non,https://eu.store.ui.com/eu/en/category/cloud-gateways-large-scale/products/udm-pro?variant=udm-pro-uk
UDM-SE (180W),Dream Machine Special Edition,EU Version,Cloud Gateways,475.00,"10G Cloud Gateway with 100+ UniFi device / 1,000+ client support, 3.5 Gbps IPS routing, and built-in PoE switching.",Oui,Non,https://eu.store.ui.com/eu/en/category/cloud-gateways-large-scale/products/udm-se?variant=udm-se-eu
UDM-SE (180W),Dream Machine Special Edition,UK Version,Cloud Gateways,475.00,"10G Cloud Gateway with 100+ UniFi device / 1,000+ client support, 3.5 Gbps IPS routing, and built-in PoE switching.",Oui,Non,https://eu.store.ui.com/eu/en/category/cloud-gateways-large-scale/products/udm-se?variant=udm-se-uk
UCG-Ultra,Cloud Gateway Ultra,EU Version,Cloud Gateways,95.00,"Compact Cloud Gateway with 30+ UniFi device / 300+ client support, 1 Gbps IPS routing, and multi-WAN load balancing.",Oui,Non,https://eu.store.ui.com/eu/en/category/cloud-gateways-compact/products/ucg-ultra?variant=ucg-ultra-eu
UCG-Ultra,Cloud Gateway Ultra,UK Version,Cloud Gateways,95.00,"Compact Cloud Gateway with 30+ UniFi device / 300+ client support, 1 Gbps IPS routing, and multi-WAN load balancing.",Oui,Non,https://eu.store.ui.com/eu/en/category/cloud-gateways-compact/products/ucg-ultra?variant=ucg-ultra-uk
UDR7 (15W),Dream Router 7,EU Version,Cloud Gateways,264.00,"Desktop 10G Cloud Gateway with integrated WiFi 7, PoE switch, microSD storage, and full UniFi application support.",Oui,Non,https://eu.store.ui.com/eu/en/category/cloud-gateways-wifi-integrated/products/udr7?variant=udr7-eu
UDR7 (15W),Dream Router 7,UK Version,Cloud Gateways,264.00,"Desktop 10G Cloud Gateway with integrated WiFi 7, PoE switch, microSD storage, and full UniFi application support.",Oui,Non,https://eu.store.ui.com/eu/en/category/cloud-gateways-wifi-integrated/products/udr7?variant=udr7-uk
UX7,UniFi Express 7,EU Version,Cloud Gateways,189.00,"Mesh-scalable, super-compact 10G Cloud Gateway with integrated WiFi 7.",Oui,Non,https://eu.store.ui.com/eu/en/category/cloud-gateways-wifi-integrated/products/ux7?variant=ux7-eu
UX7,UniFi Express 7,UK Version,Cloud Gateways,189.00,"Mesh-scalable, super-compact 10G Cloud Gateway with integrated WiFi 7.",Oui,Non,https://eu.store.ui.com/eu/en/category/cloud-gateways-wifi-integrated/products/ux7?variant=ux7-uk
USW-Pro-Max-48-PoE (720W),Pro Max 48 PoE,EU Version,Switching,1269.00,"A 48-port, Layer 3 Etherlighting™ switch with 2.5 GbE and PoE++ output.",Oui,Non,https://eu.store.ui.com/eu/en/category/switching-professional-max-xg/products/usw-pro-max-48-poe?variant=usw-pro-max-48-poe-eu
USW-Pro-Max-48-PoE (720W),Pro Max 48 PoE,UK Version,Switching,1269.00,"A 48-port, Layer 3 Etherlighting™ switch with 2.5 GbE and PoE++ output.",Oui,Non,https://eu.store.ui.com/eu/en/category/switching-professional-max-xg/products/usw-pro-max-48-poe?variant=usw-pro-max-48-poe-uk
USW-Pro-Max-24-PoE (400W),Pro Max 24 PoE,EU Version,Switching,782.00,"A 24-port, Layer 3 Etherlighting™ switch capable of high-power PoE++ output.",Oui,Non,https://eu.store.ui.com/eu/en/category/switching-professional-max-xg/products/usw-pro-max-24-poe?variant=usw-pro-max-24-poe-eu
USW-Pro-Max-24-PoE (400W),Pro Max 24 PoE,UK Version,Switching,782.00,"A 24-port, Layer 3 Etherlighting™ switch capable of high-power PoE++ output.",Oui,Non,https://eu.store.ui.com/eu/en/category/switching-professional-max-xg/products/usw-pro-max-24-poe?variant=usw-pro-max-24-poe-uk
USW-Pro-XG-48-PoE (1080W),Pro XG 48 PoE,EU Version,Switching,2381.00,"Professional-grade, 48-port Layer 3 Etherlighting™ PoE+++ switch with (32) 10 GbE, (16) 2.5 GbE PoE, and (4) 25G SFP28 ports.",Oui,Non,https://eu.store.ui.com/eu/en/category/switching-professional-max-xg/products/usw-pro-xg-48-poe?variant=usw-pro-xg-48-poe-eu
USW-Pro-XG-48-PoE (1080W),Pro XG 48 PoE,UK Version,Switching,2381.00,"Professional-grade, 48-port Layer 3 Etherlighting™ PoE+++ switch with (32) 10 GbE, (16) 2.5 GbE PoE, and (4) 25G SFP28 ports.",Oui,Non,https://eu.store.ui.com/eu/en/category/switching-professional-max-xg/products/usw-pro-xg-48-poe?variant=usw-pro-xg-48-poe-uk
USW-Pro-XG-24-PoE (720W),Pro XG 24 PoE,EU Version,Switching,1714.00,"Professional-grade, 24-port Layer 3 Etherlighting™ PoE+++ switch with (16) 10 GbE, (8) 2.5 GbE, and (2) 25G SFP28 ports.",Oui,Non,https://eu.store.ui.com/eu/en/category/switching-professional-max-xg/products/usw-pro-xg-24-poe?variant=usw-pro-xg-24-poe-eu
USW-Pro-XG-24-PoE (720W),Pro XG 24 PoE,UK Version,Switching,1714.00,"Professional-grade, 24-port Layer 3 Etherlighting™ PoE+++ switch with (16) 10 GbE, (8) 2.5 GbE, and (2) 25G SFP28 ports.",Oui,Non,https://eu.store.ui.com/eu/en/category/switching-professional-max-xg/products/usw-pro-xg-24-poe?variant=usw-pro-xg-24-poe-uk
USW-Pro-HD-24-PoE (600W),Pro HD 24 PoE,EU Version,Switching,952.00,"Professional-grade, Layer 3 Etherlighting™ switch with (2) 10 GbE PoE++, (22) 2.5 GbE PoE++, and (4) 10G SFP+ ports.",Oui,Non,https://eu.store.ui.com/eu/en/category/switching-professional-max-xg/products/usw-pro-hd-24-poe?variant=usw-pro-hd-24-poe-eu
USW-Pro-HD-24-PoE (600W),Pro HD 24 PoE,UK Version,Switching,952.00,"Professional-grade, Layer 3 Etherlighting™ switch with (2) 10 GbE PoE++, (22) 2.5 GbE PoE++, and (4) 10G SFP+ ports.",Oui,Non,https://eu.store.ui.com/eu/en/category/switching-professional-max-xg/products/usw-pro-hd-24-poe?variant=usw-pro-hd-24-poe-uk
USW-Pro-48-POE (600W),Pro 48 PoE,EU Version,Switching,1047.00,"A 48-port, Layer 3 switch capable of high-power PoE++ output.",Oui,Non,https://eu.store.ui.com/eu/en/category/switching-professional/products/usw-pro-48-poe?variant=usw-pro-48-poe-eu
USW-Pro-48-PoE (600W),Pro 48 PoE,UK Version,Switching,1047.00,"A 48-port, Layer 3 switch capable of high-power PoE++ output.",Oui,Non,https://eu.store.ui.com/eu/en/category/switching-professional/products/usw-pro-48-poe?variant=usw-pro-48-poe-uk
USW-Pro-24-POE (400W),Pro 24 PoE,EU Version,Switching,666.00,"A 24-port, Layer 3 switch capable of high-power PoE++ output.",Oui,Non,https://eu.store.ui.com/eu/en/category/switching-professional/products/usw-pro-24-poe?variant=usw-pro-24-poe-eu
USW-Pro-24-PoE (400W),Pro 24 PoE,UK Version,Switching,666.00,"A 24-port, Layer 3 switch capable of high-power PoE++ output.",Oui,Non,https://eu.store.ui.com/eu/en/category/switching-professional/products/usw-pro-24-poe?variant=usw-pro-24-poe-uk
USW-Pro-XG-Aggregation,Pro XG Aggregation,EU Version,Switching,2381.00,"Professional-grade 32-port, Layer 3 Etherlighting™ switch for high-capacity 25G SFP28 connections.",Oui,Non,https://eu.store.ui.com/eu/en/category/switching-aggregation/products/usw-pro-xg-aggregation?variant=usw-pro-xg-aggregation-eu
USW-Pro-XG-Aggregation,Pro XG Aggregation,UK Version,Switching,2381.00,"Professional-grade 32-port, Layer 3 Etherlighting™ switch for high-capacity 25G SFP28 connections.",Oui,Non,https://eu.store.ui.com/eu/en/category/switching-aggregation/products/usw-pro-xg-aggregation?variant=usw-pro-xg-aggregation-uk
USW-Aggregation,Aggregation,EU Version,Switching,254.00,"An 8-port, Layer 2 switch made for 10G SFP+ connections.",Oui,Non,https://eu.store.ui.com/eu/en/category/switching-aggregation/products/usw-aggregation?variant=usw-aggregation-eu
USW-Aggregation,Aggregation,UK Version,Switching,254.00,"An 8-port, Layer 2 switch made for 10G SFP+ connections.",Oui,Non,https://eu.store.ui.com/eu/en/category/switching-aggregation/products/usw-aggregation?variant=usw-aggregation-uk
USW-Pro-XG-10-PoE (400W),Pro XG 10 PoE,EU Version,Switching,666.00,"1U, professional-grade 10-port, Layer 3 Etherlighting™ PoE+++ switch with (10) 10 GbE and (2) 10G SFP+ ports.",Oui,Non,https://eu.store.ui.com/eu/en/category/switching-professional-max-xg/products/usw-pro-xg-10-poe?variant=usw-pro-xg-10-poe-eu
USW-Pro-XG-10-PoE (400W),Pro XG 10 PoE,UK Version,Switching,666.00,"1U, professional-grade 10-port, Layer 3 Etherlighting™ PoE+++ switch with (10) 10 GbE and (2) 10G SFP+ ports.",Oui,Non,https://eu.store.ui.com/eu/en/category/switching-professional-max-xg/products/usw-pro-xg-10-poe?variant=usw-pro-xg-10-poe-uk
USW-Lite-16-POE (45W),Lite 16 PoE,EU Version,Switching,189.00,"A wall-mountable, 16-port, Layer 2 PoE switch with a fanless cooling system.",Oui,Non,https://eu.store.ui.com/eu/en/category/switching-utility/products/usw-lite-16-poe?variant=usw-lite-16-poe-eu
USW-Lite-16-PoE (45W),Lite 16 PoE,UK Version,Switching,189.00,"A wall-mountable, 16-port, Layer 2 PoE switch with a fanless cooling system.",Oui,Non,https://eu.store.ui.com/eu/en/category/switching-utility/products/usw-lite-16-poe?variant=usw-lite-16-poe-uk
USW-Lite-8-POE (52W),Lite 8 PoE,EU Version,Switching,104.00,"An 8-port, Layer 2 PoE switch supporting silent fanless cooling.",Oui,Non,https://eu.store.ui.com/eu/en/category/switching-utility/products/usw-lite-8-poe?variant=usw-lite-8-poe-eu
USW-Lite-8-POE (52W),Lite 8 PoE,UK Version,Switching,104.00,"An 8-port, Layer 2 PoE switch supporting silent fanless cooling.",Oui,Non,https://eu.store.ui.com/eu/en/category/switching-utility/products/usw-lite-8-poe?variant=usw-lite-8-poe-uk
USW-Pro-Max-16-PoE (180W),Pro Max 16 PoE,EU Version,Switching,380.00,"A 16-port, Layer 3 Etherlighting™ switch with 2.5 GbE, PoE++ output, and versatile mounting options.",Oui,Non,https://eu.store.ui.com/eu/en/category/switching-professional-max-xg/products/usw-pro-max-16-poe?variant=usw-pro-max-16-poe-eu
USW-Pro-Max-16-PoE (180W),Pro Max 16 PoE,UK Version,Switching,380.00,"A 16-port, Layer 3 Etherlighting™ switch with 2.5 GbE, PoE++ output, and versatile mounting options.",Oui,Non,https://eu.store.ui.com/eu/en/category/switching-professional-max-xg/products/usw-pro-max-16-poe?variant=usw-pro-max-16-poe-uk
USW-Pro-XG-8-PoE (155W),Pro XG 8 PoE,EU Version,Switching,475.00,"Compact desktop/wall-mountable, professional-grade 8-port, Layer 3 Etherlighting™ PoE++ switch with (8) 10 GbE and (2) 10G SFP+ ports.",Oui,Non,https://eu.store.ui.com/eu/en/category/switching-utility/products/usw-pro-xg-8-poe?variant=usw-pro-xg-8-poe-eu
USW-Pro-XG-8-PoE (155W),Pro XG 8 PoE,UK Version,Switching,475.00,"Compact desktop/wall-mountable, professional-grade 8-port, Layer 3 Etherlighting™ PoE++ switch with (8) 10 GbE and (2) 10G SFP+ ports.",Oui,Non,https://eu.store.ui.com/eu/en/category/switching-utility/products/usw-pro-xg-8-poe?variant=usw-pro-xg-8-poe-uk
USW-Flex-2.5G-5,Flex Mini 2.5G,EU Version,Switching,47.00,"Compact, 5-port 2.5G switch that can be powered with PoE or a USB-C adapter.",Oui,Non,https://eu.store.ui.com/eu/en/category/switching-utility/products/usw-flex-2-5g-5?variant=usw-flex-2dot5g-5-eu
USW-Flex-2.5G-5,Flex Mini 2.5G,UK Version,Switching,47.00,"Compact, 5-port 2.5G switch that can be powered with PoE or a USB-C adapter.",Oui,Non,https://eu.store.ui.com/eu/en/category/switching-utility/products/usw-flex-2-5g-5?variant=usw-flex-2dot5g-5-uk
USW-Flex-Mini,Flex Mini,EU Version,Switching,26.00,"A compact, 5-port, Layer 2 switch that can be powered with PoE or a 5V USB-C adapter.",Oui,Non,https://eu.store.ui.com/eu/en/category/switching-utility/products/usw-flex-mini?variant=usw-flex-mini-eu
USW-Flex-Mini,Flex Mini,UK Version,Switching,25.00,"A compact, 5-port, Layer 2 switch that can be powered with PoE or a 5V USB-C adapter.",Oui,Non,https://eu.store.ui.com/eu/en/category/switching-utility/products/usw-flex-mini?variant=usw-flex-mini-uk
USW-Flex-Mini-3,Flex Mini,3-Pack,Switching,75.00,"A compact, 5-port, Layer 2 switch that can be powered with PoE or a 5V USB-C adapter.",Oui,Non,https://eu.store.ui.com/eu/en/category/switching-utility/products/usw-flex-mini?variant=usw-flex-mini-3
USW-Flex-Mini-5,Flex Mini,5-Pack,Switching,125.00,"A compact, 5-port, Layer 2 switch that can be powered with PoE or a 5V USB-C adapter.",Oui,Non,https://eu.store.ui.com/eu/en/category/switching-utility/products/usw-flex-mini?variant=usw-flex-mini-5
USW-Flex (46W),Flex,Single Unit,Switching,94.00,"Flexible 5-port, Layer 2 PoE switch for indoor and outdoor use, that can be powered with PoE++.",Oui,Non,https://eu.store.ui.com/eu/en/category/switching-utility/products/usw-flex?variant=usw-flex
USW-Flex-3 (46W),Flex,3-Pack,Switching,270.00,"Flexible 5-port, Layer 2 PoE switch for indoor and outdoor use, that can be powered with PoE++.",Oui,Non,https://eu.store.ui.com/eu/en/category/switching-utility/products/usw-flex?variant=usw-flex-3
USW-Flex-XG,Flex 10 GbE,EU Version,Switching,285.00,"A compact, 5-port, Layer 2 switch that supports 10 GbE speeds and can be powered with PoE or a 5V USB-C adapter.",Oui,Non,https://eu.store.ui.com/eu/en/category/switching-utility/products/usw-flex-xg?variant=usw-flex-xg-eu
USW-Flex-XG,Flex 10 GbE,UK Version,Switching,285.00,"A compact, 5-port, Layer 2 switch that supports 10 GbE speeds and can be powered with PoE or a 5V USB-C adapter.",Oui,Non,https://eu.store.ui.com/eu/en/category/switching-utility/products/usw-flex-xg?variant=usw-flex-xg-uk
USW-Pro-HD-24,Pro HD 24,EU Version,Switching,570.00,"Professional-grade, Layer 3 Etherlighting™ switch with (2) 10 GbE, (22) 2.5 GbE, and (4) 10G SFP+ ports.",Oui,Non,https://eu.store.ui.com/eu/en/category/switching-professional-max-xg/products/usw-pro-hd-24?variant=usw-pro-hd-24-eu
USW-Pro-HD-24,Pro HD 24,UK Version,Switching,570.00,"Professional-grade, Layer 3 Etherlighting™ switch with (2) 10 GbE, (22) 2.5 GbE, and (4) 10G SFP+ ports.",Oui,Non,https://eu.store.ui.com/eu/en/category/switching-professional-max-xg/products/usw-pro-hd-24?variant=usw-pro-hd-24-uk
USW-Pro-Max-48,Pro Max 48,EU Version,Switching,634.00,"A 48-port, Layer 3 Etherlighting™ switch with 2.5 GbE.",Oui,Non,https://eu.store.ui.com/eu/en/category/switching-professional-max-xg/products/usw-pro-max-48?variant=usw-pro-max-48-eu
USW-Pro-Max-48,Pro Max 48,UK Version,Switching,634.00,"A 48-port, Layer 3 Etherlighting™ switch with 2.5 GbE.",Oui,Non,https://eu.store.ui.com/eu/en/category/switching-professional-max-xg/products/usw-pro-max-48?variant=usw-pro-max-48-uk
USW-Pro-Max-24,Pro Max 24,EU Version,Switching,428.00,"A 24-port, Layer 3 Etherlighting™ switch with 2.5 GbE.",Oui,Non,https://eu.store.ui.com/eu/en/category/switching-professional-max-xg/products/usw-pro-max-24?variant=usw-pro-max-24-eu
USW-Pro-Max-24,Pro Max 24,UK Version,Switching,428.00,"A 24-port, Layer 3 Etherlighting™ switch with 2.5 GbE.",Oui,Non,https://eu.store.ui.com/eu/en/category/switching-professional-max-xg/products/usw-pro-max-24?variant=usw-pro-max-24-uk
USW-Pro-48,Pro 48,EU Version,Switching,570.00,"A 48-port, Layer 3 switch supporting 10G SFP+ connections with fanless cooling.",Oui,Non,https://eu.store.ui.com/eu/en/category/switching-professional/products/usw-pro-48?variant=usw-pro-48-eu
USW-Pro-48,Pro 48,UK Version,Switching,570.00,"A 48-port, Layer 3 switch supporting 10G SFP+ connections with fanless cooling.",Oui,Non,https://eu.store.ui.com/eu/en/category/switching-professional/products/usw-pro-48?variant=usw-pro-48-uk
U7-Pro-XGS-B,U7 Pro XGS,Black,WiFi,284.00,Ceiling-mounted 8-stream WiFi 7 AP with dedicated spectral scanning radio and 10/5/2.5/1 GbE support.,Oui,Non,https://eu.store.ui.com/eu/en/category/wifi-flagship/products/u7-pro-xgs?variant=u7-pro-xgs-b
U7-Pro-XGS,U7 Pro XGS,White,WiFi,284.00,Ceiling-mounted 8-stream WiFi 7 AP with dedicated spectral scanning radio and 10/5/2.5/1 GbE support.,Oui,Non,https://eu.store.ui.com/eu/en/category/wifi-flagship/products/u7-pro-xgs?variant=u7-pro-xgs
U7-Pro-XG-B,U7 Pro XG,Black,WiFi,189.00,Ceiling-mounted 6-stream WiFi 7 AP with 10/5/2.5/1 GbE support.,Oui,Non,https://eu.store.ui.com/eu/en/category/wifi-flagship/products/u7-pro-xg?variant=u7-pro-xg-b
U7-Pro-XG,U7 Pro XG,White,WiFi,189.00,Ceiling-mounted 6-stream WiFi 7 AP with 10/5/2.5/1 GbE support.,Oui,Non,https://eu.store.ui.com/eu/en/category/wifi-flagship/products/u7-pro-xg?variant=u7-pro-xg
U7-Pro,U7 Pro,Single Unit,WiFi,169.00,"Ceiling-mounted WiFi 7 AP with 6 spatial streams and 6 GHz support for interference-free WiFi in demanding, large-scale environments.",Oui,Non,https://eu.store.ui.com/eu/en/category/wifi-flagship/products/u7-pro?variant=u7-pro
U7-Pro-5,U7 Pro,5-Pack,WiFi,820.00,"Ceiling-mounted WiFi 7 AP with 6 spatial streams and 6 GHz support for interference-free WiFi in demanding, large-scale environments.",Oui,Non,https://eu.store.ui.com/eu/en/category/wifi-flagship/products/u7-pro?variant=u7-pro-5
U6-Mesh,U6 Mesh,EU Version,WiFi,169.00,"Sleek, indoor/outdoor WiFi 6 AP with 6 spatial streams designed for mesh applications.",Oui,Non,https://eu.store.ui.com/eu/en/category/wifi-outdoor/products/u6-mesh?variant=u6-mesh-eu
U6-Mesh,U6 Mesh,UK Version,WiFi,169.00,"Sleek, indoor/outdoor WiFi 6 AP with 6 spatial streams designed for mesh applications.",Oui,Non,https://eu.store.ui.com/eu/en/category/wifi-outdoor/products/u6-mesh?variant=u6-mesh-uk
UAP-AC-M,AC Mesh,Single Unit,WiFi,94.00,"Compact, indoor/outdoor WiFi 5 AP with 4 spatial streams and optional external antenna support for directional coverage.",Oui,Non,https://eu.store.ui.com/eu/en/category/wifi-outdoor/products/uap-ac-mesh?variant=uap-ac-m-eu
UAP-AC-M-5,AC Mesh,5-Pack,WiFi,450.00,"Compact, indoor/outdoor WiFi 5 AP with 4 spatial streams and optional external antenna support for directional coverage.",Oui,Non,https://eu.store.ui.com/eu/en/category/wifi-outdoor/products/uap-ac-mesh?variant=uap-ac-m-5
UAP-AC-PRO,AC Pro,Single Unit,WiFi,142.00,Ceiling-mounted WiFi 5 AP with 6 spatial streams designed for large offices.,Oui,Non,https://eu.store.ui.com/eu/en/category/wifi-flagship/products/uap-ac-pro?variant=uap-ac-pro-eu
UAP-AC-PRO-5,AC Pro,5-Pack,WiFi,672.00,Ceiling-mounted WiFi 5 AP with 6 spatial streams designed for large offices.,Oui,Non,https://eu.store.ui.com/eu/en/category/wifi-flagship/products/uap-ac-pro?variant=uap-ac-pro-5
UDB-Pro,Device Bridge Pro,EU Version,WiFi,189.00,5 GHz wireless bridge with PoE output that connects at 5+ km distances or seamlessly uplinks to UniFi WiFi.,Oui,Non,https://eu.store.ui.com/eu/en/category/wifi-bridging/products/udb-pro?variant=udb-pro-eu
UDB-Pro,Device Bridge Pro,UK Version,WiFi,189.00,5 GHz wireless bridge with PoE output that connects at 5+ km distances or seamlessly uplinks to UniFi WiFi.,Oui,Non,https://eu.store.ui.com/eu/en/category/wifi-bridging/products/udb-pro?variant=udb-pro-uk
UBB-Single,Building Bridge,Single Unit,WiFi,264.00,60 GHz wireless point-to-point bridge with a 5 GHz backup radio.,Oui,Non,https://eu.store.ui.com/eu/en/category/wifi-bridging/products/ubb?variant=ubb-single-eu
UBB,Building Bridge,2-Pack,WiFi,475.00,60 GHz wireless point-to-point bridge with a 5 GHz backup radio.,Oui,Non,https://eu.store.ui.com/eu/en/category/wifi-bridging/products/ubb?variant=ubb-eu
UVC-G6-Pro-Turret-B,G6 Pro Turret,Black,Cameras & NVR,430.00,"All-weather tamper-resistant 4K PoE+ camera with a Multi-TOPS AI engine, 2.36x optical zoom, and a large 1/1.2"" CMOS sensor for exceptional low-light clarity and long-range IR night vision.",Oui,Non,https://eu.store.ui.com/eu/en/category/cameras-dome-turret/products/uvc-g6-pro-turret?variant=uvc-g6-pro-turret-b
UVC-G6-Pro-Turret-W,G6 Pro Turret,White,Cameras & NVR,430.00,"All-weather tamper-resistant 4K PoE+ camera with a Multi-TOPS AI engine, 2.36x optical zoom, and a large 1/1.2"" CMOS sensor for exceptional low-light clarity and long-range IR night vision.",Oui,Non,https://eu.store.ui.com/eu/en/category/cameras-dome-turret/products/uvc-g6-pro-turret?variant=uvc-g6-pro-turret-w
UVC-G6-Pro-Dome-B,G6 Pro Dome,Black,Cameras & NVR,449.00,"All-weather vandal-proof 4K PoE+ camera with a Multi-TOPS AI engine, 2.36x optical zoom, and a large 1/1.2"" CMOS sensor for exceptional low-light clarity and long-range IR night vision.",Oui,Non,https://eu.store.ui.com/eu/en/category/cameras-dome-turret/products/uvc-g6-pro-dome?variant=uvc-g6-pro-dome-b
UVC-G6-Pro-Dome-W,G6 Pro Dome,White,Cameras & NVR,449.00,"All-weather vandal-proof 4K PoE+ camera with a Multi-TOPS AI engine, 2.36x optical zoom, and a large 1/1.2"" CMOS sensor for exceptional low-light clarity and long-range IR night vision.",Oui,Non,https://eu.store.ui.com/eu/en/category/cameras-dome-turret/products/uvc-g6-pro-dome?variant=uvc-g6-pro-dome-w
UVC-G6-Turret-B,G6 Turret,Black,Cameras & NVR,179.00,"All-weather, tamper-resistant 4K PoE camera with a 1/1.8"" 8MP image sensor, Multi-TOPS AI Engine, and 3-axis manual adjustment for flexible installation.",Oui,Non,https://eu.store.ui.com/eu/en/category/cameras-dome-turret/products/uvc-g6-turret?variant=uvc-g6-turret-b
UVC-G6-Turret-W,G6 Turret,White,Cameras & NVR,179.00,"All-weather, tamper-resistant 4K PoE camera with a 1/1.8"" 8MP image sensor, Multi-TOPS AI Engine, and 3-axis manual adjustment for flexible installation.",Oui,Non,https://eu.store.ui.com/eu/en/category/cameras-dome-turret/products/uvc-g6-turret?variant=uvc-g6-turret-w
UVC-G6-Dome-B,G6 Dome,Black,Cameras & NVR,250.00,"All-weather, vandal-proof 4K PoE camera with a 1/1.8"" 8MP image sensor, Multi-TOPS AI Engine, and long-range IR night vision ideal for discreet installations in high-traffic areas.",Oui,Non,https://eu.store.ui.com/eu/en/category/cameras-dome-turret/products/uvc-g6-dome?variant=uvc-g6-dome-b
UVC-G6-Dome-W,G6 Dome,White,Cameras & NVR,250.00,"All-weather, vandal-proof 4K PoE camera with a 1/1.8"" 8MP image sensor, Multi-TOPS AI Engine, and long-range IR night vision ideal for discreet installations in high-traffic areas.",Oui,Non,https://eu.store.ui.com/eu/en/category/cameras-dome-turret/products/uvc-g6-dome?variant=uvc-g6-dome-w
UVC-G6-Pro-360-B,G6 Pro 360,Black,Cameras & NVR,449.00,"All-weather, vandal-resistant 12MP PoE camera with panoramic 360° coverage, digital pan-tilt-zoom functionality, and smart IR functionality.",Oui,Non,https://eu.store.ui.com/eu/en/category/cameras-dome-turret/products/uvc-g6-pro-360?variant=uvc-g6-pro-360-b
UVC-G6-Pro-360-W,G6 Pro 360,White,Cameras & NVR,449.00,"All-weather, vandal-resistant 12MP PoE camera with panoramic 360° coverage, digital pan-tilt-zoom functionality, and smart IR functionality.",Oui,Non,https://eu.store.ui.com/eu/en/category/cameras-dome-turret/products/uvc-g6-pro-360?variant=uvc-g6-pro-360-w
UVC-G6-180-B,G6 180,Black,Cameras & NVR,269.00,"Indoor/outdoor dual sensor 16MP 20 FPS PoE+ camera, with a Multi-TOPS AI Engine and panoramic 180° coverage.",Oui,Non,https://eu.store.ui.com/eu/en/category/cameras-dome-turret/products/uvc-g6-180?variant=uvc-g6-180-b
UVC-G6-180-W,G6 180,White,Cameras & NVR,269.00,"Indoor/outdoor dual sensor 16MP 20 FPS PoE+ camera, with a Multi-TOPS AI Engine and panoramic 180° coverage.",Oui,Non,https://eu.store.ui.com/eu/en/category/cameras-dome-turret/products/uvc-g6-180?variant=uvc-g6-180-w
UVC-AI-MS-4-B,AI Multi Sensor 4,Black,Cameras & NVR,1619.00,"All-weather PoE++ 32MP multi-sensor camera featuring a Multi-TOPS AI engine, 2.33× optical zoom, 360° IR coverage, and four independently adjustable lenses for seamless wide-area and close-up monitoring.",Oui,Non,https://eu.store.ui.com/eu/en/category/cameras-dome-turret/products/uvc-ai-ms-4?variant=uvc-ai-ms-4-b
UVC-AI-MS-4-W,AI Multi Sensor 4,White,Cameras & NVR,1619.00,"All-weather PoE++ 32MP multi-sensor camera featuring a Multi-TOPS AI engine, 2.33× optical zoom, 360° IR coverage, and four independently adjustable lenses for seamless wide-area and close-up monitoring.",Oui,Non,https://eu.store.ui.com/eu/en/category/cameras-dome-turret/products/uvc-ai-ms-4?variant=uvc-ai-ms-4-w
UVC-G5-Turret-Ultra-B,G5 Turret Ultra,Black,Cameras & NVR,80.00,"Ultra-compact, tamper-resistant, and weatherproof 2K HD PoE camera with long-range night vision.",Oui,Non,https://eu.store.ui.com/eu/en/category/cameras-dome-turret/products/uvc-g5-turret-ultra?variant=uvc-g5-turret-ultra-b
UVC-G5-Turret-Ultra,G5 Turret Ultra,White,Cameras & NVR,80.00,"Ultra-compact, tamper-resistant, and weatherproof 2K HD PoE camera with long-range night vision.",Oui,Non,https://eu.store.ui.com/eu/en/category/cameras-dome-turret/products/uvc-g5-turret-ultra?variant=uvc-g5-turret-ultra
UVC-G6-Pro-Bullet-B,G6 Pro Bullet,Black,Cameras & NVR,430.00,"All-weather 4K PoE+ camera with a Multi-TOPS AI engine, 2.36x optical zoom, and a large 1/1.2"" CMOS sensor for exceptional low-light clarity and long-range IR night vision.",Oui,Non,https://eu.store.ui.com/eu/en/category/cameras-bullet/products/uvc-g6-pro-bullet?variant=uvc-g6-pro-bullet-b
UVC-G6-Pro-Bullet-W,G6 Pro Bullet,White,Cameras & NVR,430.00,"All-weather 4K PoE+ camera with a Multi-TOPS AI engine, 2.36x optical zoom, and a large 1/1.2"" CMOS sensor for exceptional low-light clarity and long-range IR night vision.",Oui,Non,https://eu.store.ui.com/eu/en/category/cameras-bullet/products/uvc-g6-pro-bullet?variant=uvc-g6-pro-bullet-w
UVC-G6-Bullet-B,G6 Bullet,Black,Cameras & NVR,179.00,"All-weather 4K PoE camera with a 1/1.8"" 8MP image sensor, Multi-TOPS AI Engine, and long-range IR night vision.",Oui,Non,https://eu.store.ui.com/eu/en/category/cameras-bullet/products/uvc-g6-bullet?variant=uvc-g6-bullet-b
UVC-G6-Bullet-W,G6 Bullet,White,Cameras & NVR,179.00,"All-weather 4K PoE camera with a 1/1.8"" 8MP image sensor, Multi-TOPS AI Engine, and long-range IR night vision.",Oui,Non,https://eu.store.ui.com/eu/en/category/cameras-bullet/products/uvc-g6-bullet?variant=uvc-g6-bullet-w
UVC-G6-INS-W,G6 Instant,EU Version,Cameras & NVR,160.00,"Plug-and-play, 4K WiFi-connected camera with a 1/1.8"" 8MP image sensor, Multi-TOPS AI Engine, and two-way audio.",Oui,Non,https://eu.store.ui.com/eu/en/category/cameras-compact/products/uvc-g6-ins?variant=uvc-g6-ins-w-eu
UVC-G6-INS-W,G6 Instant,UK Version,Cameras & NVR,160.00,"Plug-and-play, 4K WiFi-connected camera with a 1/1.8"" 8MP image sensor, Multi-TOPS AI Engine, and two-way audio.",Oui,Non,https://eu.store.ui.com/eu/en/category/cameras-compact/products/uvc-g6-ins?variant=uvc-g6-ins-w-uk
ENVR,Enterprise NVR,EU Version,Cameras & NVR,1829.00,"3U NVR with (16) 2.5/3.5” drive bays, supporting up to (70) 4K cameras or (210) Full HD cameras.",Oui,Non,https://eu.store.ui.com/eu/en/category/cameras-nvr/products/envr?variant=envr-eu
ENVR,Enterprise NVR,UK Version,Cameras & NVR,1829.00,"3U NVR with (16) 2.5/3.5” drive bays, supporting up to (70) 4K cameras or (210) Full HD cameras.",Oui,Non,https://eu.store.ui.com/eu/en/category/cameras-nvr/products/envr?variant=envr-uk
UVC-G6-PTZ-B,G6 PTZ,Black,Cameras & NVR,359.00,"All-weather, 4K dual-lens camera with 10x hybrid zoom, 1/1.8"" 8MP image sensor, Multi-TOPS AI Engine, and ultra-low latency pan-tilt-zoom control for motion tracking.",Oui,Non,https://eu.store.ui.com/eu/en/category/cameras-ptz/products/uvc-g6-ptz?variant=uvc-g6-ptz-b
UVC-G6-PTZ-W,G6 PTZ,White,Cameras & NVR,359.00,"All-weather, 4K dual-lens camera with 10x hybrid zoom, 1/1.8"" 8MP image sensor, Multi-TOPS AI Engine, and ultra-low latency pan-tilt-zoom control for motion tracking.",Oui,Non,https://eu.store.ui.com/eu/en/category/cameras-ptz/products/uvc-g6-ptz?variant=uvc-g6-ptz-w
UVC-AI-PTZ-B,AI PTZ Industrial,Black,Cameras & NVR,1169.00,"Industrial-grade 4K PoE++ PTZ camera with enhanced AI capabilities, 22x optical zoom, and long-range adaptive IR LED night vision.",Oui,Non,https://eu.store.ui.com/eu/en/category/cameras-ptz/products/uvc-ai-ptz?variant=uvc-ai-ptz-b
UVC-AI-PTZ-W,AI PTZ Industrial,White,Cameras & NVR,1169.00,"Industrial-grade 4K PoE++ PTZ camera with enhanced AI capabilities, 22x optical zoom, and long-range adaptive IR LED night vision.",Oui,Non,https://eu.store.ui.com/eu/en/category/cameras-ptz/products/uvc-ai-ptz?variant=uvc-ai-ptz-w
UVC-AI-PTZ-Precision-B,AI PTZ Precision,Black,Cameras & NVR,1799.00,"Industrial-grade 4K PTZ camera with enhanced AI capabilities, 31× optical zoom, adaptive IR LED night vision, and LiDAR technology for faster autofocus.",Oui,Non,https://eu.store.ui.com/eu/en/category/cameras-ptz/products/uvc-ai-ptz-precision?variant=uvc-ai-ptz-precision-b
UVC-AI-PTZ-Precision-W,AI PTZ Precision,White,Cameras & NVR,1799.00,"Industrial-grade 4K PTZ camera with enhanced AI capabilities, 31× optical zoom, adaptive IR LED night vision, and LiDAR technology for faster autofocus.",Oui,Non,https://eu.store.ui.com/eu/en/category/cameras-ptz/products/uvc-ai-ptz-precision?variant=uvc-ai-ptz-precision-w
UVC-G5-PTZ-B,G5 PTZ,Black,Cameras & NVR,269.00,"Compact, all-weather camera with ultra-low latency pan-tilt-zoom control and versatile mounting options.",Oui,Non,https://eu.store.ui.com/eu/en/category/cameras-ptz/products/uvc-g5-ptz?variant=uvc-g5-ptz-b
UVC-G5-PTZ,G5 PTZ,White,Cameras & NVR,269.00,"Compact, all-weather camera with ultra-low latency pan-tilt-zoom control and versatile mounting options.",Oui,Non,https://eu.store.ui.com/eu/en/category/cameras-ptz/products/uvc-g5-ptz?variant=uvc-g5-ptz
UVC-AI-Turret-B,AI Turret,Black,Cameras & NVR,359.00,"All-weather, vandal-proof 4K PoE+ turret camera with enhanced AI capabilities and IR and visible LEDs for night vision.",Oui,Non,https://eu.store.ui.com/eu/en/category/cameras-dome-turret/products/uvc-ai-turret?variant=uvc-ai-turret-b
UVC-AI-Turret-W,AI Turret,White,Cameras & NVR,359.00,"All-weather, vandal-proof 4K PoE+ turret camera with enhanced AI capabilities and IR and visible LEDs for night vision.",Oui,Non,https://eu.store.ui.com/eu/en/category/cameras-dome-turret/products/uvc-ai-turret?variant=uvc-ai-turret-w
UVC-AI-Dome-B,AI Dome,Black,Cameras & NVR,359.00,"All-weather, vandal-proof 4K PoE dome camera with enhanced AI capabilities and long-range IR night vision.",Oui,Non,https://eu.store.ui.com/eu/en/category/cameras-dome-turret/products/uvc-ai-dome?variant=uvc-ai-dome-b
UVC-AI-Dome-W,AI Dome,White,Cameras & NVR,359.00,"All-weather, vandal-proof 4K PoE dome camera with enhanced AI capabilities and long-range IR night vision.",Oui,Non,https://eu.store.ui.com/eu/en/category/cameras-dome-turret/products/uvc-ai-dome?variant=uvc-ai-dome-w
UVC-AI-360,AI 360,Black,Cameras & NVR,359.00,Indoor/outdoor 2K PoE camera with pan-tilt-zoom functionality that offers full 360° surveillance.,Oui,Non,https://eu.store.ui.com/eu/en/category/cameras-dome-turret/products/uvc-ai-360?variant=uvc-ai-360
UVC-AI-360-W,AI 360,White,Cameras & NVR,359.00,Indoor/outdoor 2K PoE camera with pan-tilt-zoom functionality that offers full 360° surveillance.,Oui,Non,https://eu.store.ui.com/eu/en/category/cameras-dome-turret/products/uvc-ai-360?variant=uvc-ai-360-w
UVC-G5-Dome,G5 Dome,Single Unit,Cameras & NVR,160.00,Next-gen 2K HD PoE ceiling camera with enhanced dynamic range and low-light performance.,Oui,Non,https://eu.store.ui.com/eu/en/category/cameras-dome-turret/products/uvc-g5-dome?variant=uvc-g5-dome
UVC-G5-Dome-3,G5 Dome,3-Pack,Cameras & NVR,475.00,Next-gen 2K HD PoE ceiling camera with enhanced dynamic range and low-light performance.,Oui,Non,https://eu.store.ui.com/eu/en/category/cameras-dome-turret/products/uvc-g5-dome?variant=uvc-g5-dome-3
UVC-G5-Dome-Ultra-B,G5 Dome Ultra,Black,Cameras & NVR,80.00,Ultra-compact and tamper-resistant 2K HD PoE camera with night vision designed for low-profile indoor security.,Oui,Non,https://eu.store.ui.com/eu/en/category/cameras-dome-turret/products/uvc-g5-dome-ultra?variant=uvc-g5-dome-ultra-b
UVC-G5-Dome-Ultra,G5 Dome Ultra,White,Cameras & NVR,80.00,Ultra-compact and tamper-resistant 2K HD PoE camera with night vision designed for low-profile indoor security.,Oui,Non,https://eu.store.ui.com/eu/en/category/cameras-dome-turret/products/uvc-g5-dome-ultra?variant=uvc-g5-dome-ultra
UVC-AI-Pro,AI Pro,Black,Cameras & NVR,449.00,"Indoor/outdoor 4K PoE camera with 3x optical zoom, long-range IR night vision, and enhanced AI detection capabilities.",Oui,Non,https://eu.store.ui.com/eu/en/category/cameras-bullet/products/uvc-ai-pro?variant=uvc-ai-pro
UVC-AI-Pro-White,AI Pro,White,Cameras & NVR,449.00,"Indoor/outdoor 4K PoE camera with 3x optical zoom, long-range IR night vision, and enhanced AI detection capabilities.",Oui,Non,https://eu.store.ui.com/eu/en/category/cameras-bullet/products/uvc-ai-pro?variant=uvc-ai-pro-white
UVC-G5-Bullet,G5 Bullet,Single Unit,Cameras & NVR,115.00,Next-gen indoor/outdoor 2K HD PoE Camera.,Oui,Non,https://eu.store.ui.com/eu/en/category/cameras-bullet/products/uvc-g5-bullet?variant=uvc-g5-bullet
UVC-G5-Bullet-3,G5 Bullet,3-Pack,Cameras & NVR,325.00,Next-gen indoor/outdoor 2K HD PoE Camera.,Oui,Non,https://eu.store.ui.com/eu/en/category/cameras-bullet/products/uvc-g5-bullet?variant=uvc-g5-bullet-3
USL-Entry,Entry Sensor,Single Unit,Cameras & NVR,35.00,SuperLink sensor with up to 6-year battery life for monitoring door and window open/closed status.,Oui,Non,https://eu.store.ui.com/eu/en/category/cameras-superlink-sensors/products/usl-entry?variant=usl-entry-eu
USL-Entry-3,Entry Sensor,3-Pack,Cameras & NVR,89.00,SuperLink sensor with up to 6-year battery life for monitoring door and window open/closed status.,Oui,Non,https://eu.store.ui.com/eu/en/category/cameras-superlink-sensors/products/usl-entry?variant=usl-entry-3-eu
USL-Motion,Motion Sensor,Single Unit,Cameras & NVR,44.00,"SuperLink motion sensor designed for versatile installation, delivering up to 6 years of battery life.",Oui,Non,https://eu.store.ui.com/eu/en/category/cameras-superlink-sensors/products/usl-motion?variant=usl-motion-eu
USL-Motion-3,Motion Sensor,3-Pack,Cameras & NVR,115.00,"SuperLink motion sensor designed for versatile installation, delivering up to 6 years of battery life.",Oui,Non,https://eu.store.ui.com/eu/en/category/cameras-superlink-sensors/products/usl-motion?variant=usl-motion-3-eu
UP-AI-Horn-Speaker-B,AI Horn Speaker,Black,Cameras & NVR,269.00,"All-weather PoE 120 dB horn speaker with advanced AI alert functionality and versatile wall, corner, and pole mounting options.",Oui,Non,https://eu.store.ui.com/eu/en/category/camera-accessories/products/up-ai-horn-speaker?variant=up-ai-horn-speaker-b
UP-AI-Horn-Speaker-W,AI Horn Speaker,White,Cameras & NVR,269.00,"All-weather PoE 120 dB horn speaker with advanced AI alert functionality and versatile wall, corner, and pole mounting options.",Oui,Non,https://eu.store.ui.com/eu/en/category/camera-accessories/products/up-ai-horn-speaker?variant=up-ai-horn-speaker-w
UP-Sense,All-In-One Sensor,Single Unit,Cameras & NVR,55.00,"A battery-powered smart sensor capable of detecting motion, lighting, and environmental changes.",Oui,Non,https://eu.store.ui.com/eu/en/category/cameras-superlink-sensors/products/up-sense?variant=up-sense
UP-Sense-3,All-In-One Sensor,3-Pack,Cameras & NVR,150.00,"A battery-powered smart sensor capable of detecting motion, lighting, and environmental changes.",Oui,Non,https://eu.store.ui.com/eu/en/category/cameras-superlink-sensors/products/up-sense?variant=up-sense-3
UACC-Bullet-AB-B,Bullet Camera Angled Base,Black,Cameras & NVR,17.00,Bullet camera mounting accessory that enhances tilt angle by 22° to achieve an unrestricted viewing angle.,Oui,Non,https://eu.store.ui.com/eu/en/category/camera-accessories/products/uacc-bullet-ab?variant=uacc-bullet-ab-b
UACC-Bullet-AB-W,Bullet Camera Angled Base,White,Cameras & NVR,17.00,Bullet camera mounting accessory that enhances tilt angle by 22° to achieve an unrestricted viewing angle.,Oui,Non,https://eu.store.ui.com/eu/en/category/camera-accessories/products/uacc-bullet-ab?variant=uacc-bullet-ab-w
UACC-Camera-DM-B,Camera Dual Mount,Black,Cameras & NVR,55.00,"Tamper-resistant, back-to-back mount for two UniFi Bullet, Dome, or Turret cameras that supports flat surface installation and attachment to 1 1/2"" NPS threaded conduit.",Oui,Non,https://eu.store.ui.com/eu/en/category/camera-accessories/products/uacc-camera-dm?variant=uacc-camera-dm-b
UACC-Camera-DM-W,Camera Dual Mount,White,Cameras & NVR,55.00,"Tamper-resistant, back-to-back mount for two UniFi Bullet, Dome, or Turret cameras that supports flat surface installation and attachment to 1 1/2"" NPS threaded conduit.",Oui,Non,https://eu.store.ui.com/eu/en/category/camera-accessories/products/uacc-camera-dm?variant=uacc-camera-dm-w
UACC-GB-Plate-B,Gang Box Mounting Plate,Black,Cameras & NVR,35.00,A mounting plate designed to interface UniFi Protect cameras with multiple types of Gang Boxes and Junction Boxes.,Oui,Non,https://eu.store.ui.com/eu/en/category/camera-accessories/products/uacc-gb-plate?variant=uacc-gb-plate-b
UACC-GB-Plate-W,Gang Box Mounting Plate,White,Cameras & NVR,35.00,A mounting plate designed to interface UniFi Protect cameras with multiple types of Gang Boxes and Junction Boxes.,Oui,Non,https://eu.store.ui.com/eu/en/category/camera-accessories/products/uacc-gb-plate?variant=uacc-gb-plate-w
UACC-G6-180-FM-B,G6 180 Camera Flush Mount,Black,Cameras & NVR,26.00,G6 180 camera mounting accessory for recessed ceiling installation.,Oui,Non,https://eu.store.ui.com/eu/en/category/camera-accessories/products/uacc-g6-180-fm?variant=uacc-g6-180-fm-b
UACC-G6-180-FM-W,G6 180 Camera Flush Mount,White,Cameras & NVR,26.00,G6 180 camera mounting accessory for recessed ceiling installation.,Oui,Non,https://eu.store.ui.com/eu/en/category/camera-accessories/products/uacc-g6-180-fm?variant=uacc-g6-180-fm-w
UACC-G6-180-PM-B,G6 180 Camera Pendant Mount,Black,Cameras & NVR,26.00,Pendant mount for suspending the G6 180 Camera from ceilings or overhead structures.,Oui,Non,https://eu.store.ui.com/eu/en/category/camera-accessories/products/uacc-g6-180-pm?variant=uacc-g6-180-pm-b
UACC-G6-180-PM-W,G6 180 Camera Pendant Mount,White,Cameras & NVR,26.00,Pendant mount for suspending the G6 180 Camera from ceilings or overhead structures.,Oui,Non,https://eu.store.ui.com/eu/en/category/camera-accessories/products/uacc-g6-180-pm?variant=uacc-g6-180-pm-w
UACC-AI-MS-4-AM-B,AI Multi Sensor 4 Camera Arm Mount,Black,Cameras & NVR,179.00,"Versatile mounting kit enabling flat or angled installation of the AI Multi Sensor 4 camera via arm, pole, or corner mounts - ideal for various deployment environments.",Oui,Non,https://eu.store.ui.com/eu/en/category/camera-accessories/products/uacc-ai-ms-4-am?variant=uacc-ai-ms-4-am-b
UACC-AI-MS-4-AM-W,AI Multi Sensor 4 Camera Arm Mount,White,Cameras & NVR,179.00,"Versatile mounting kit enabling flat or angled installation of the AI Multi Sensor 4 camera via arm, pole, or corner mounts - ideal for various deployment environments.",Oui,Non,https://eu.store.ui.com/eu/en/category/camera-accessories/products/uacc-ai-ms-4-am?variant=uacc-ai-ms-4-am-w
ENVR,Enterprise NVR,EU Version,Door Access,1829.00,"3U NVR with (16) 2.5/3.5” drive bays, supporting up to (70) 4K cameras or (210) Full HD cameras.",Oui,Non,https://eu.store.ui.com/eu/en/category/door-access-nvrs/products/envr?variant=envr-eu
ENVR,Enterprise NVR,UK Version,Door Access,1829.00,"3U NVR with (16) 2.5/3.5” drive bays, supporting up to (70) 4K cameras or (210) Full HD cameras.",Oui,Non,https://eu.store.ui.com/eu/en/category/door-access-nvrs/products/envr?variant=envr-uk
UA-G3-Flex-B,Reader Flex,Black,Door Access,160.00,Third-generation NFC card reader with a keypad and Touch Pass support.,Oui,Non,https://eu.store.ui.com/eu/en/category/door-access-readers/products/ua-g3-flex?variant=ua-g3-flex-b
UA-G3-Flex-W,Reader Flex,White,Door Access,160.00,Third-generation NFC card reader with a keypad and Touch Pass support.,Oui,Non,https://eu.store.ui.com/eu/en/category/door-access-readers/products/ua-g3-flex?variant=ua-g3-flex-w
UA-Retrofit-Reader-B,Retrofit Reader,Black,Door Access,145.00,"Indoor/outdoor OSDP reader with NFC Card and Touch Pass support, compatible with the UniFi Retrofit Hub using existing cabling.",Oui,Non,https://eu.store.ui.com/eu/en/category/door-access-readers/products/ua-retrofit-reader?variant=ua-retrofit-reader-b
UA-Retrofit-Reader-W,Retrofit Reader,White,Door Access,145.00,"Indoor/outdoor OSDP reader with NFC Card and Touch Pass support, compatible with the UniFi Retrofit Hub using existing cabling.",Oui,Non,https://eu.store.ui.com/eu/en/category/door-access-readers/products/ua-retrofit-reader?variant=ua-retrofit-reader-w
UA-Card-B-10,Access Card,10-Pack,Door Access,25.00,A pack of highly-secure NFC cards used for access control within UniFi.,Oui,Non,https://eu.store.ui.com/eu/en/category/door-access-accessories/products/ua-card?variant=ua-card-b-10
UA-Card-B-100,Access Card,100-Pack,Door Access,250.00,A pack of highly-secure NFC cards used for access control within UniFi.,Oui,Non,https://eu.store.ui.com/eu/en/category/door-access-accessories/products/ua-card?variant=ua-card-b-100
UA-Card-W-10,Access Card,White,Door Access,25.00,A pack of highly-secure NFC cards used for access control within UniFi.,Oui,Non,https://eu.store.ui.com/eu/en/category/door-access-accessories/products/ua-card?variant=ua-card-w-10
UA-Intercom-Viewer,Intercom Viewer,Single Unit,Door Access,139.00,Display that works with Intercom and Reader Pro for visitor screening and remote access control.,Oui,Non,https://eu.store.ui.com/eu/en/category/door-access-intercoms/products/ua-intercom-viewer?variant=ua-intercom-viewer
UA-Intercom-Viewer-3,Intercom Viewer,3-Pack,Door Access,405.00,Display that works with Intercom and Reader Pro for visitor screening and remote access control.,Oui,Non,https://eu.store.ui.com/eu/en/category/door-access-intercoms/products/ua-intercom-viewer?variant=ua-intercom-viewer-3
UACC-Reader-JB-B,Reader Junction Box,Black,Door Access,29.00,"Junction box for UniFi Access Readers and Intercom Viewers that support flat surface mounting and attachment to 3/4"" conduit.",Oui,Non,https://eu.store.ui.com/eu/en/category/door-access-accessories/products/uacc-reader-jb?variant=uacc-reader-jb-b
UACC-Reader-JB-W,Reader Junction Box,White,Door Access,29.00,"Junction box for UniFi Access Readers and Intercom Viewers that support flat surface mounting and attachment to 3/4"" conduit.",Oui,Non,https://eu.store.ui.com/eu/en/category/door-access-accessories/products/uacc-reader-jb?variant=uacc-reader-jb-w
UACC-Reader-Pro-JB-B,Reader Pro Junction Box,Black,Door Access,29.00,"Junction box for UniFi Professional Access Readers and Doorbells that supports flat surface mounting and attachment to 3/4"" conduit.",Oui,Non,https://eu.store.ui.com/eu/en/category/door-access-accessories/products/uacc-reader-pro-jb?variant=uacc-reader-pro-jb-b
UACC-Reader-Pro-JB-W,Reader Pro Junction Box,White,Door Access,29.00,"Junction box for UniFi Professional Access Readers and Doorbells that supports flat surface mounting and attachment to 3/4"" conduit.",Oui,Non,https://eu.store.ui.com/eu/en/category/door-access-accessories/products/uacc-reader-pro-jb?variant=uacc-reader-pro-jb-w
UACC-Reader-Pro-AM-B,Reader Pro Angle Mount,Black,Door Access,29.00,Angled mounting accessory for UniFi Professional Access Readers.,Oui,Non,https://eu.store.ui.com/eu/en/category/door-access-accessories/products/uacc-reader-pro-am?variant=uacc-reader-pro-am-b
UACC-Reader-Pro-AM-W,Reader Pro Angle Mount,White,Door Access,29.00,Angled mounting accessory for UniFi Professional Access Readers.,Oui,Non,https://eu.store.ui.com/eu/en/category/door-access-accessories/products/uacc-reader-pro-am?variant=uacc-reader-pro-am-w
UACC-Lock-Magnetic-270kg,Magnetic Lock,Holds up to 270 kg (600 lb),Door Access,135.00,Fail-safe magnetic lock for inswing and outswing doors that connects to a UniFi Access Hub.,Oui,Non,https://eu.store.ui.com/eu/en/category/door-access-accessories/products/ua-lock-magnetic?variant=uacc-lock-magnetic-270kg
UACC-Lock-Magnetic-540kg,Magnetic Lock,Holds up to 540 kg (1200 lb),Door Access,179.00,Fail-safe magnetic lock for inswing and outswing doors that connects to a UniFi Access Hub.,Oui,Non,https://eu.store.ui.com/eu/en/category/door-access-accessories/products/ua-lock-magnetic?variant=uacc-lock-magnetic-540kg
UACC-Cable-DoorLockRelay-1P,Door Lock Relay Cable,1-Pair Relay Cable,Door Access,115.00,"A 500-foot (152.4 m) spool of one or two-pair, low-voltage cable.",Oui,Non,https://eu.store.ui.com/eu/en/category/door-access-accessories/products/uacc-cable-doorlockrelay?variant=uacc-cable-doorlockrelay-1p
UACC-Cable-DoorLockRelay-2P,Door Lock Relay Cable,2-Pair Relay Cable,Door Access,145.00,"A 500-foot (152.4 m) spool of one or two-pair, low-voltage cable.",Oui,Non,https://eu.store.ui.com/eu/en/category/door-access-accessories/products/uacc-cable-doorlockrelay?variant=uacc-cable-doorlockrelay-2p
UNAS-Pro-8,UNAS Pro 8,EU Version,Integrations,761.00,"2U rack-mount NAS with (8) 2.5/3.5"" HDD bays and (2) M.2 NVMe SSD cache slots, delivering faster access, lower latency, and high-availability 10 Gbps networking for large-scale file storage and sharing.",Oui,Non,https://eu.store.ui.com/eu/en/category/network-storage/products/unas-pro-8?variant=unas-pro-8-eu
UNAS-Pro-8,UNAS Pro 8,UK Version,Integrations,761.00,"2U rack-mount NAS with (8) 2.5/3.5"" HDD bays and (2) M.2 NVMe SSD cache slots, delivering faster access, lower latency, and high-availability 10 Gbps networking for large-scale file storage and sharing.",Oui,Non,https://eu.store.ui.com/eu/en/category/network-storage/products/unas-pro-8?variant=unas-pro-8-uk
UNAS-Pro,UNAS Pro,EU Version,Integrations,475.00,"2U rack-mount NAS with (7) 2.5/3.5"" drive bays and 10 Gbps performance designed for large-scale file storage and sharing.",Oui,Non,https://eu.store.ui.com/eu/en/category/network-storage/products/unas-pro?variant=unas-pro-eu
UNAS-Pro,UNAS Pro,UK Version,Integrations,475.00,"2U rack-mount NAS with (7) 2.5/3.5"" drive bays and 10 Gbps performance designed for large-scale file storage and sharing.",Oui,Non,https://eu.store.ui.com/eu/en/category/network-storage/products/unas-pro?variant=unas-pro-uk
UNAS-2-B,UNAS 2,Black,Integrations,189.00,"UniFi Network Attached Storage with (2) 3.5"" HDD bays, 2.5 GbE networking, USB-C connectivity, and an included PoE++ adapter, all in a compact footprint.",Oui,Non,https://eu.store.ui.com/eu/en/category/network-storage/products/unas-2?variant=unas-2-b-eu
UNAS-2-W,UNAS 2,White,Integrations,189.00,"UniFi Network Attached Storage with (2) 3.5"" HDD bays, 2.5 GbE networking, USB-C connectivity, and an included PoE++ adapter, all in a compact footprint.",Oui,Non,https://eu.store.ui.com/eu/en/category/network-storage/products/unas-2?variant=unas-2-w-eu
UPL-Amp-B,PowerAmp,Black,Integrations,569.00,Premium speaker amplifier designed for high-fidelity multi-zone audio streaming and immersive spatial sound experiences.,Oui,Non,https://eu.store.ui.com/eu/en/category/premium-iot/products/upl-amp?variant=upl-amp-b-eu
UPL-Amp-W,PowerAmp,White,Integrations,569.00,Premium speaker amplifier designed for high-fidelity multi-zone audio streaming and immersive spatial sound experiences.,Oui,Non,https://eu.store.ui.com/eu/en/category/premium-iot/products/upl-amp?variant=upl-amp-w-eu
UPL-Port-B,PoE Audio Port,Black,Integrations,179.00,"A digital audio streamer with an ultra-compact, versatile design and an intuitive control system, supporting multiple music streaming services and scalable multi-zone installations.",Oui,Non,https://eu.store.ui.com/eu/en/category/premium-iot/products/upl-port?variant=upl-port-b-eu
UPL-Port-W,PoE Audio Port,White,Integrations,179.00,"A digital audio streamer with an ultra-compact, versatile design and an intuitive control system, supporting multiple music streaming services and scalable multi-zone installations.",Oui,Non,https://eu.store.ui.com/eu/en/category/premium-iot/products/upl-port?variant=upl-port-w-eu
UXG-Lite,Gateway Lite,EU Version,Advanced Hosting,127.00,Compact independent gateway with a full suite of advanced routing and security features.,Oui,Non,https://eu.store.ui.com/eu/en/category/advanced-hosting-other/products/uxg-lite?variant=uxg-lite-eu
UXG-Lite,Gateway Lite,UK Version,Advanced Hosting,127.00,Compact independent gateway with a full suite of advanced routing and security features.,Oui,Non,https://eu.store.ui.com/eu/en/category/advanced-hosting-other/products/uxg-lite?variant=uxg-lite-uk
MSD-128GB,microSD Card,128 GB,Acc. Storage,60.00,"A microSD card designed for ultra endurance, optimized for UniFi devices, providing local storage and edge recording capabilities.",Oui,Non,https://eu.store.ui.com/eu/en/category/accessories-storage/products/uacc-msd?variant=msd-128gb
MSD-256GB,microSD Card,256 GB,Acc. Storage,109.00,"A microSD card designed for ultra endurance, optimized for UniFi devices, providing local storage and edge recording capabilities.",Oui,Non,https://eu.store.ui.com/eu/en/category/accessories-storage/products/uacc-msd?variant=msd-256gb
UACC-MSD-512GB,microSD Card,512 GB,Acc. Storage,179.00,"A microSD card designed for ultra endurance, optimized for UniFi devices, providing local storage and edge recording capabilities.",Oui,Non,https://eu.store.ui.com/eu/en/category/accessories-storage/products/uacc-msd?variant=uacc-msd-512gb
UACC-MSD-1TB,microSD Card,1 TB,Acc. Storage,325.00,"A microSD card designed for ultra endurance, optimized for UniFi devices, providing local storage and edge recording capabilities.",Oui,Non,https://eu.store.ui.com/eu/en/category/accessories-storage/products/uacc-msd?variant=uacc-msd-1tb
UACC-Rack-Panel-Blank-1U,Rack Mount OCD Panels,1U Blank Panel,Acc. Rack Mount,17.00,"Standalone insert that can be easily installed into an existing network equipment rack to create a clean, uniform aesthetic.",Oui,Non,https://eu.store.ui.com/eu/en/category/accessories-rack-mount/products/uacc-rack-panel-ocd?variant=uacc-rack-panel-blank-1u
UACC-Rack-Panel-Blank-2U,Rack Mount OCD Panels,2U Blank Panel,Acc. Rack Mount,25.00,"Standalone insert that can be easily installed into an existing network equipment rack to create a clean, uniform aesthetic.",Oui,Non,https://eu.store.ui.com/eu/en/category/accessories-rack-mount/products/uacc-rack-panel-ocd?variant=uacc-rack-panel-blank-2u
UACC-Rack-Panel-Vented-1U,Rack Mount OCD Panels,1U Vented Panel,Acc. Rack Mount,25.00,"Standalone insert that can be easily installed into an existing network equipment rack to create a clean, uniform aesthetic.",Oui,Non,https://eu.store.ui.com/eu/en/category/accessories-rack-mount/products/uacc-rack-panel-ocd?variant=uacc-rack-panel-vented-1u
UACC-Rack-Panel-Vented-2U,Rack Mount OCD Panels,2U Vented Panel,Acc. Rack Mount,35.00,"Standalone insert that can be easily installed into an existing network equipment rack to create a clean, uniform aesthetic.",Oui,Non,https://eu.store.ui.com/eu/en/category/accessories-rack-mount/products/uacc-rack-panel-ocd?variant=uacc-rack-panel-vented-2u
UACC-Rack-Panel-Brush-1U,Rack Mount OCD Panels,1U Brush Panel,Acc. Rack Mount,35.00,"Standalone insert that can be easily installed into an existing network equipment rack to create a clean, uniform aesthetic.",Oui,Non,https://eu.store.ui.com/eu/en/category/accessories-rack-mount/products/uacc-rack-panel-ocd?variant=uacc-rack-panel-brush-1u
UACC-Rack-Ear-1U,Rack Ear Kit,1U,Acc. Rack Mount,8.10,Replacement rack ears for UniFi 1U or 2U rack-mount devices with included SnapMount Rack inserts and screws.,Oui,Non,https://eu.store.ui.com/eu/en/category/accessories-rack-mount/products/uacc-rack-ear?variant=uacc-rack-ear-1u
UACC-Rack-Ear-2U,Rack Ear Kit,2U,Acc. Rack Mount,13.50,Replacement rack ears for UniFi 1U or 2U rack-mount devices with included SnapMount Rack inserts and screws.,Oui,Non,https://eu.store.ui.com/eu/en/category/accessories-rack-mount/products/uacc-rack-ear?variant=uacc-rack-ear-2u
UACC-Adapter-AC-210W,AC Adapter 210W,EU Version,Acc. PoE & Power,70.00,An AC power adapter delivers 210W at 54V DC for a PoE switch.,Oui,Non,https://eu.store.ui.com/eu/en/category/accessories-poe-power/products/uacc-adapter-ac-210w?variant=uacc-adapter-ac-210w-eu
UACC-Adapter-AC-210W,AC Adapter 210W,UK Version,Acc. PoE & Power,70.00,An AC power adapter delivers 210W at 54V DC for a PoE switch.,Oui,Non,https://eu.store.ui.com/eu/en/category/accessories-poe-power/products/uacc-adapter-ac-210w?variant=uacc-adapter-ac-210w-uk
UACC-Cable-USB-100W-0.3M-BK,USB-C Cable with Charge Display,0.3 m,Acc. PoE & Power,17.50,Braided power and data cable with a double-sided charge display.,Oui,Non,https://eu.store.ui.com/eu/en/category/accessories-poe-power/products/uacc-cable-usb-100w?variant=uacc-cable-usb-100w-0dot3m-bk
UACC-Cable-USB-100W-1M-BK,USB-C Cable with Charge Display,1 m,Acc. PoE & Power,22.00,Braided power and data cable with a double-sided charge display.,Oui,Non,https://eu.store.ui.com/eu/en/category/accessories-poe-power/products/uacc-cable-usb-100w?variant=uacc-cable-usb-100w-1m-bk
UACC-Cable-USB-100W-2M-BK,USB-C Cable with Charge Display,2 m,Acc. PoE & Power,25.00,Braided power and data cable with a double-sided charge display.,Oui,Non,https://eu.store.ui.com/eu/en/category/accessories-poe-power/products/uacc-cable-usb-100w?variant=uacc-cable-usb-100w-2m-bk
AFi-Cable-USB-4.5M,USB-C Cable with Charge Display,4.5 m,Acc. PoE & Power,35.00,Braided power and data cable with a double-sided charge display.,Oui,Non,https://eu.store.ui.com/eu/en/category/accessories-poe-power/products/uacc-cable-usb-100w?variant=afi-cable-usb-4dot5m
AFi-Cable-USB-7M,USB-C Cable with Charge Display,7 m,Acc. PoE & Power,55.00,Braided power and data cable with a double-sided charge display.,Oui,Non,https://eu.store.ui.com/eu/en/category/accessories-poe-power/products/uacc-cable-usb-100w?variant=afi-cable-usb-7m
UP-AI-Horn-Speaker-B,AI Horn Speaker,Black,Acc. Camera,269.00,"All-weather PoE 120 dB horn speaker with advanced AI alert functionality and versatile wall, corner, and pole mounting options.",Oui,Non,https://eu.store.ui.com/eu/en/category/accessories-camera/products/up-ai-horn-speaker?variant=up-ai-horn-speaker-b
UP-AI-Horn-Speaker-W,AI Horn Speaker,White,Acc. Camera,269.00,"All-weather PoE 120 dB horn speaker with advanced AI alert functionality and versatile wall, corner, and pole mounting options.",Oui,Non,https://eu.store.ui.com/eu/en/category/accessories-camera/products/up-ai-horn-speaker?variant=up-ai-horn-speaker-w
UACC-Bullet-AB-B,Bullet Camera Angled Base,Black,Acc. Camera,17.00,Bullet camera mounting accessory that enhances tilt angle by 22° to achieve an unrestricted viewing angle.,Oui,Non,https://eu.store.ui.com/eu/en/category/accessories-camera/products/uacc-bullet-ab?variant=uacc-bullet-ab-b
UACC-Bullet-AB-W,Bullet Camera Angled Base,White,Acc. Camera,17.00,Bullet camera mounting accessory that enhances tilt angle by 22° to achieve an unrestricted viewing angle.,Oui,Non,https://eu.store.ui.com/eu/en/category/accessories-camera/products/uacc-bullet-ab?variant=uacc-bullet-ab-w
UACC-Camera-DM-B,Camera Dual Mount,Black,Acc. Camera,55.00,"Tamper-resistant, back-to-back mount for two UniFi Bullet, Dome, or Turret cameras that supports flat surface installation and attachment to 1 1/2"" NPS threaded conduit.",Oui,Non,https://eu.store.ui.com/eu/en/category/accessories-camera/products/uacc-camera-dm?variant=uacc-camera-dm-b
UACC-Camera-DM-W,Camera Dual Mount,White,Acc. Camera,55.00,"Tamper-resistant, back-to-back mount for two UniFi Bullet, Dome, or Turret cameras that supports flat surface installation and attachment to 1 1/2"" NPS threaded conduit.",Oui,Non,https://eu.store.ui.com/eu/en/category/accessories-camera/products/uacc-camera-dm?variant=uacc-camera-dm-w
UACC-GB-Plate-B,Gang Box Mounting Plate,Black,Acc. Camera,35.00,A mounting plate designed to interface UniFi Protect cameras with multiple types of Gang Boxes and Junction Boxes.,Oui,Non,https://eu.store.ui.com/eu/en/category/accessories-camera/products/uacc-gb-plate?variant=uacc-gb-plate-b
UACC-GB-Plate-W,Gang Box Mounting Plate,White,Acc. Camera,35.00,A mounting plate designed to interface UniFi Protect cameras with multiple types of Gang Boxes and Junction Boxes.,Oui,Non,https://eu.store.ui.com/eu/en/category/accessories-camera/products/uacc-gb-plate?variant=uacc-gb-plate-w
UACC-G6-180-FM-B,G6 180 Camera Flush Mount,Black,Acc. Camera,26.00,G6 180 camera mounting accessory for recessed ceiling installation.,Oui,Non,https://eu.store.ui.com/eu/en/category/accessories-camera/products/uacc-g6-180-fm?variant=uacc-g6-180-fm-b
UACC-G6-180-FM-W,G6 180 Camera Flush Mount,White,Acc. Camera,26.00,G6 180 camera mounting accessory for recessed ceiling installation.,Oui,Non,https://eu.store.ui.com/eu/en/category/accessories-camera/products/uacc-g6-180-fm?variant=uacc-g6-180-fm-w
UACC-G6-180-PM-B,G6 180 Camera Pendant Mount,Black,Acc. Camera,26.00,Pendant mount for suspending the G6 180 Camera from ceilings or overhead structures.,Oui,Non,https://eu.store.ui.com/eu/en/category/accessories-camera/products/uacc-g6-180-pm?variant=uacc-g6-180-pm-b
UACC-G6-180-PM-W,G6 180 Camera Pendant Mount,White,Acc. Camera,26.00,Pendant mount for suspending the G6 180 Camera from ceilings or overhead structures.,Oui,Non,https://eu.store.ui.com/eu/en/category/accessories-camera/products/uacc-g6-180-pm?variant=uacc-g6-180-pm-w
UACC-AI-MS-4-AM-B,AI Multi Sensor 4 Camera Arm Mount,Black,Acc. Camera,179.00,"Versatile mounting kit enabling flat or angled installation of the AI Multi Sensor 4 camera via arm, pole, or corner mounts - ideal for various deployment environments.",Oui,Non,https://eu.store.ui.com/eu/en/category/accessories-camera/products/uacc-ai-ms-4-am?variant=uacc-ai-ms-4-am-b
UACC-AI-MS-4-AM-W,AI Multi Sensor 4 Camera Arm Mount,White,Acc. Camera,179.00,"Versatile mounting kit enabling flat or angled installation of the AI Multi Sensor 4 camera via arm, pole, or corner mounts - ideal for various deployment environments.",Oui,Non,https://eu.store.ui.com/eu/en/category/accessories-camera/products/uacc-ai-ms-4-am?variant=uacc-ai-ms-4-am-w
UA-Card-B-10,Access Card,10-Pack,Acc. Door Access,25.00,A pack of highly-secure NFC cards used for access control within UniFi.,Oui,Non,https://eu.store.ui.com/eu/en/category/accessories-door-access/products/ua-card?variant=ua-card-b-10
UA-Card-B-100,Access Card,100-Pack,Acc. Door Access,250.00,A pack of highly-secure NFC cards used for access control within UniFi.,Oui,Non,https://eu.store.ui.com/eu/en/category/accessories-door-access/products/ua-card?variant=ua-card-b-100
UA-Card-W-10,Access Card,White,Acc. Door Access,25.00,A pack of highly-secure NFC cards used for access control within UniFi.,Oui,Non,https://eu.store.ui.com/eu/en/category/accessories-door-access/products/ua-card?variant=ua-card-w-10
UACC-Reader-JB-B,Reader Junction Box,Black,Acc. Door Access,29.00,"Junction box for UniFi Access Readers and Intercom Viewers that support flat surface mounting and attachment to 3/4"" conduit.",Oui,Non,https://eu.store.ui.com/eu/en/category/accessories-door-access/products/uacc-reader-jb?variant=uacc-reader-jb-b
UACC-Reader-JB-W,Reader Junction Box,White,Acc. Door Access,29.00,"Junction box for UniFi Access Readers and Intercom Viewers that support flat surface mounting and attachment to 3/4"" conduit.",Oui,Non,https://eu.store.ui.com/eu/en/category/accessories-door-access/products/uacc-reader-jb?variant=uacc-reader-jb-w
UACC-Reader-Pro-JB-B,Reader Pro Junction Box,Black,Acc. Door Access,29.00,"Junction box for UniFi Professional Access Readers and Doorbells that supports flat surface mounting and attachment to 3/4"" conduit.",Oui,Non,https://eu.store.ui.com/eu/en/category/accessories-door-access/products/uacc-reader-pro-jb?variant=uacc-reader-pro-jb-b
UACC-Reader-Pro-JB-W,Reader Pro Junction Box,White,Acc. Door Access,29.00,"Junction box for UniFi Professional Access Readers and Doorbells that supports flat surface mounting and attachment to 3/4"" conduit.",Oui,Non,https://eu.store.ui.com/eu/en/category/accessories-door-access/products/uacc-reader-pro-jb?variant=uacc-reader-pro-jb-w
UACC-Reader-Pro-AM-B,Reader Pro Angle Mount,Black,Acc. Door Access,29.00,Angled mounting accessory for UniFi Professional Access Readers.,Oui,Non,https://eu.store.ui.com/eu/en/category/accessories-door-access/products/uacc-reader-pro-am?variant=uacc-reader-pro-am-b
UACC-Reader-Pro-AM-W,Reader Pro Angle Mount,White,Acc. Door Access,29.00,Angled mounting accessory for UniFi Professional Access Readers.,Oui,Non,https://eu.store.ui.com/eu/en/category/accessories-door-access/products/uacc-reader-pro-am?variant=uacc-reader-pro-am-w
UACC-Lock-Magnetic-270kg,Magnetic Lock,Holds up to 270 kg (600 lb),Acc. Door Access,135.00,Fail-safe magnetic lock for inswing and outswing doors that connects to a UniFi Access Hub.,Oui,Non,https://eu.store.ui.com/eu/en/category/accessories-door-access/products/ua-lock-magnetic?variant=uacc-lock-magnetic-270kg
UACC-Lock-Magnetic-540kg,Magnetic Lock,Holds up to 540 kg (1200 lb),Acc. Door Access,179.00,Fail-safe magnetic lock for inswing and outswing doors that connects to a UniFi Access Hub.,Oui,Non,https://eu.store.ui.com/eu/en/category/accessories-door-access/products/ua-lock-magnetic?variant=uacc-lock-magnetic-540kg
UACC-Cable-DoorLockRelay-1P,Door Lock Relay Cable,1-Pair Relay Cable,Acc. Door Access,115.00,"A 500-foot (152.4 m) spool of one or two-pair, low-voltage cable.",Oui,Non,https://eu.store.ui.com/eu/en/category/accessories-door-access/products/uacc-cable-doorlockrelay?variant=uacc-cable-doorlockrelay-1p
UACC-Cable-DoorLockRelay-2P,Door Lock Relay Cable,2-Pair Relay Cable,Acc. Door Access,145.00,"A 500-foot (152.4 m) spool of one or two-pair, low-voltage cable.",Oui,Non,https://eu.store.ui.com/eu/en/category/accessories-door-access/products/uacc-cable-doorlockrelay?variant=uacc-cable-doorlockrelay-2p
UACC-CRB,Cable Raceway,Base,Acc. Installations,23.00,A protective raceway accessory for Dream Wall.,Oui,Non,https://eu.store.ui.com/eu/en/category/accessories-installations/products/uacc-cr?variant=uacc-crb
UACC-CRE,Cable Raceway,Elbow,Acc. Installations,19.00,A protective raceway accessory for Dream Wall.,Oui,Non,https://eu.store.ui.com/eu/en/category/accessories-installations/products/uacc-cr?variant=uacc-cre
UACC-CRS,Cable Raceway,Straight,Acc. Installations,23.00,A protective raceway accessory for Dream Wall.,Oui,Non,https://eu.store.ui.com/eu/en/category/accessories-installations/products/uacc-cr?variant=uacc-crs
UACC-Cable-UHS-1M,Thin HDMI Cable,1 m,Acc. Installations,17.00,Ultra-thin high-speed HDMI cable designed for professional A/V and camera streaming with Ubiquiti devices.,Oui,Non,https://eu.store.ui.com/eu/en/category/accessories-installations/products/uacc-cable-uhs?variant=uacc-cable-uhs-1m
UACC-Cable-UHS-2M,Thin HDMI Cable,2 m,Acc. Installations,26.00,Ultra-thin high-speed HDMI cable designed for professional A/V and camera streaming with Ubiquiti devices.,Oui,Non,https://eu.store.ui.com/eu/en/category/accessories-installations/products/uacc-cable-uhs?variant=uacc-cable-uhs-2m
UACC-Cable-UHS-5M,Thin HDMI Cable,5 m,Acc. Installations,44.00,Ultra-thin high-speed HDMI cable designed for professional A/V and camera streaming with Ubiquiti devices.,Oui,Non,https://eu.store.ui.com/eu/en/category/accessories-installations/products/uacc-cable-uhs?variant=uacc-cable-uhs-5m
